country,number_of_actors,actor_list,latitude,longitude
Afghanistan,6,"Bundeswehr's Computer Network Operations Unit (CNO), Calypso, Ghost Squad, People's Liberation Army Strategic Support Force (PLA Unit 61398), Sidewinder, Undetermined",34.5253,69.1783
Albania,4,"Homeland Justice, Serbian Hackers, Undetermined, bRpsd",41.3289,19.8178
Algeria,2,"MAZE, Undetermined",36.7539,3.0589
American Samoa,1,Undetermined,-14.274,-170.7046
Andorra,1,Undetermined,42.5,1.5
Angola,3,"Anonymous (Portugal), Quantum, Undetermined",-8.8383,13.2344
Argentina,15,"AnibaLeaks, Azmeth, BlackByte, Everest, GRU Main Special Center for Special Technologies (Unit 74455) (SANDWORM), Kapustkiy; Kasimierz L, Lapsus$, LockBit 3.0, NetWalker, Play, Quantum, REvil, Rhysida, Undetermined, Vice Society",-34.6033,-58.3817
Armenia,5,"Anti-Armenia Team, FSB 18th Center for Information Security (Berserk Bear), Turk Hack Team, Turkish hackers, xaxaxax",40.1814,44.5144
Australia,53,"@NightmareSquad, @security_511, ALF, ALPHVM, APT30, Avaddon, Cactus, Chrichir, Christian Dior, Cyclops, DarkSide, Dr.SHA6H, Egregor, ElSurveillance, FIN11, Gnosticplayers, ITA, Islamic Revolutionary Guard Corps (APT 35 Charming Kitten), Lapsus$, Le Duc Hoang Hai, LockBit 3.0, Lorenz, MAZE, Medusa, Ministry of Intelligence and Security (MOIS) (Mango Sandstorm), Ministry of State Security's (MSS) (MUSTANG PANDA), MrNervous, Mufasa, NGB 3rd Technical Surveillance Bureau, NetWalker, NoEscape, Pakiz Cyber Squad, People's Liberation Army Strategic Support Force (PLA Unit 61398), Qilin, Quantum, REvil, RansomEXX, Rhysida, ShinyHunters, SiegedSec, Silent Hacker's Group, Silent Librarian, Team System DZ, UNC4841, Undetermined, Unnamed Australian contractor, Vice Society, WIZARD SPIDER, Water Roc, abdilo, cl0p, emo, optusdata",-37.8142,144.9631
Austria,16,"ALPHVM, Aslan Neferler Tim, Black Basta, Cuba, FSB 18th Center for Information Security (Berserk Bear), GRU 85th Main Special Service Center (Unit 26165) (FANCYBEAR), Karakurt, LockBit 3.0, Lorenz, NetWalker, NoName057(16), PayorGrief, Play, Prosox Shade, Undetermined, Vice Society",48.2083,16.3725
Azerbaijan,5,"A. S. A. L. A., ElliotAlderson, Monte Melkonian Cyber Army (MMCA), Mr.H4rD3n, SVR (COZYBEAR)",40.3953,49.8822
Bahamas,1,Undetermined,25.0343,-77.3963
Bahrain,5,"Al-Toufan, or ""The Flood"", Anonymous, DEV-0056, Ministry of Intelligence and Security (MOIS) (APT 34 OilRig), Undetermined",26.225,50.5775
Bangladesh,10,"ALTDOS, Bitter, Bozkurtlar, Cyber-71, N33LOB33, NGB 3rd Technical Surveillance Bureau, Nigerian Cyber Hunters, Silence Group, Team Pak Cyber Attacker, Undetermined",23.7639,90.3889
Barbados,3,"Muslim Electronic Army, The Dark Overlord, Undetermined",13.0975,-59.6167
Belarus,13,"Anonymous, Belarus Cyber-Partisans, Belarusian Cyber Partisans, Belarusian Cyber-Partisans, Cloud Atlas, Cyber Partisans, GhostSec, Ghostwriter, RIAEvangelist, Spid3r, Team OneFist, Ukraine IT Army, Undetermined",53.9,27.5667
Belgium,18,"APT27 (Iron Panda), APT30, Anonymous (Belgium), Anonymous Russia, Arvin Club, Avaddon, Babuk, Black Basta, Killnet, Ministry of Intelligence and Security (MOIS), Ministry of State Security's (MSS) (APT31), National Security Agency, Ragnar Locker, Rex Mundi, Spectre123, Stormous, Syrian Cyber Army, Undetermined",50.8467,4.3525
Bermuda,1,Undetermined,32.293,-64.782
Bolivia (Plurinational State of),2,"Hanom1960; Chilean Hackers; Hazzard, Undetermined",-16.2902,-63.5887
"Bonaire, Sint Eustatius and Saba",1,Anonymous Russia,12.2019,68.2624
Bosnia and Herzegovina,2,"Anonymous, Undetermined",43.8564,18.4131
Brazil,44,"8Base, @joshua, ALPHVM, Akira, Anonymous, Anonymous (Brazil), Avaddon, Cactus, CrossLock, Dark Angels, DarkSide, Dfrank, Everest, Fatal Error, GhostSec, GoatRAT, Guacamaya, Hive, Knight, Kuroi'SH, Lapsus$, LockBit, LockBit 3.0, Matrong, NGB 3rd Technical Surveillance Bureau, NoEscape, ProtoWave, Quilin, REvil, Ragnar Locker, RansomEXX, Red Hell Sofyan, Rhysida, Royal, ShinyHunters, Sprite Spider, TheSnake, Two Unnamed Brazilian Hackers, Undetermined, Vanda The God, Vice Society, Water Roc, cl0p, sup3rm4n; j0shua3w",-23.55,-46.6333
Bulgaria,5,"Anonymous Russia, Cyber Haxors Group, Killnet, Kristian Boykov, Undetermined",42.7,23.33
Cabo Verde,1,Undetermined,16.886,-24.988
Cambodia,5,"APT32, Ministry of State Security's (MSS) Hainan State Security Department (APT40), Rancor, Turksiberkarargh, Undetermined",11.5694,104.9211
Canada,66,"8Base, @TorProdigy, @ciadotgov, ALPHVM, APT27 (Iron Panda), Akira, Amped Attacks AKA sgtbilko420, Angel_Of_Truth, Anonymous, Anonymous (Quebec), Avaddon, Avos Locker, BianLian, Black Basta, Black Byte, Clop, Cuba, Daixin Team, DarkSide, Egregor, FIN11, Fredrick Lapointe; Rath Pak; Jimmy Saintelien, GRU 85th Main Special Service Center (Unit 26165) (FANCYBEAR), Hive, INDRIK SPIDER, Indian Cyber Force, JokerStash AKA Fin7 AKA Carbanak, LockBit, LockBit 3.0, Lorenz, Medusa, NGB 3rd Technical Surveillance Bureau, NetWalker, NoEscape, NoName057(16), NullCrew, ObeySec, Play, ProjectDump, Quantum, REvil, Ragnar Locker, Ransom House, RansomEXX, Rektengle, Russian Hackers Team, Sanggiero and IntelBoker, Saudi Arabia, Seize, ShinyHunters, Silent Librarian, Snatch, Snatch and Nokoyawa, TA505, Team System DZ, Teams Hans, The Impact Team, Two ""rogue"" Shopify employees, Undetermined, Vice Society, WIZARD SPIDER, Water Roc, cl0p, herbapproach@protonmail.com, l1kw1d, nairb",43.7417,-79.3733
Cayman Islands,3,"Hack for Trump, NetPirates AKA @TheNetShip, Undetermined",19.2866,-81.3744
Chile,18,"ALPHVM, Anonymous, Black Basta, Chilean hackers, CyberBloc, Egregor, Guacamaya, LockBit 3.0, Medusa, Ministry of State Security's (MSS) Hainan State Security Department (APT40), NGB 3rd Technical Surveillance Bureau, REvil, Rhysida, Rorschach, SEXi, Shadow Brokers, SilverTerrier, Undetermined",-33.4372,-70.6506
China,41,"APT32, AgainstTheWest, Akincila, Anonymous, Anonymous (Globo), BlackByte, CCP Unmasked, ChinaDan, Cryptolulz666; EvoIsGod, Earth Longzhi, Former WPML Employee, GRU Main Special Center for Special Technologies (Unit 74455) (SANDWORM), Gionee, Histeria, HitlerSec, Hive, Intrusion Truth, Islamic State Hacker, Kapustkiy; Cryptolulz666, L0RDBR, Lizard Squad, LockBit 3.0, Lorenz, Ministry of State Security's (MSS) (MUSTANG PANDA), Ministry of State Security's (MSS) Guangdong State Security Department (GSSD) (APT3), NGB 3rd Technical Surveillance Bureau, National Security Agency, PT_Moisha, Paw Security, People's Liberation Army Strategic Support Force (PLA Unit 61398), Qilin, REvil, RedDelta, Rhysida, Sanggiero', THE0TIME, Two Students, Undetermined, XJP, Zyklon, shenfenzheng",23.13,113.26
Colombia,14,"ALPHVM, GOLD DUPONT, Guacamaya, KelvinSecTeam, Killnet, LockBit 3.0, NGB 3rd Technical Surveillance Bureau, Quilin, Ransom House, RansomHouse, TA505, Undetermined, Vice Society, cl0p",4.7111,-74.0722
Costa Rica,9,"Anonymous (Rabaa Team), Hanom1960 AKA @hanomlulzsec, Hive, Kapustkiy, Karakurt, LockBit 3.0, MAZE, Undetermined, WIZARD SPIDER",9.9325,-84.08
Croatia,2,"Russian Hackers Team, Undetermined",45.8131,15.9775
Cuba,1,Anonymous Cuba,23.1367,-82.3589
Cyprus,5,"@security_511, Anonymous, Medusa, People's Liberation Army Strategic Support Force (PLA Unit 61398), Undetermined",35.1725,33.365
Czech Republic,1,Undetermined,50.0875,14.4214
Czechia,13,"ALPHVM, Anonymous (Czech Republic); Anonymous (Slovakia), Anonymous Russia, Avaddon, FSB 18thï¿½Center for Information Security (Berserk Bear); GRU Unit 26165 (FANCY BEAR), Hmei7; SultanHaikal, Islamic Revolutionary Guard Corps (APT 35 Charming Kitten), Killnet, NoName057(16), Two Unnamed Brazilian Hackers, Undetermined, WIZARD SPIDER, pro-Russia Threat Actors",50.0875,14.4214
Denmark,14,"Anonymous (Denmark), Anonymous Sudan, Anonymous Sudan (affiliated to Killnet), Aslan Neferler Tim, Black Basta, GRU 85th Main Special Service Center (Unit 26165) (FANCYBEAR), GRU Main Special Center for Special Technologies (Unit 74455) (SANDWORM), NoName057(16), Phoenix, SeigedSec, TurkHackTeam, Two Unnamed Brazilian Hackers, Undetermined, cl0p",55.6761,12.5683
Dominican Republic,5,"ALPHVM, Anonymous, PayorGrief, Quantum, Rhysida",19.4572,-70.6889
Ecuador,12,"ALPHVM, Anonymous (Ecuador), GOLD DUPONT, Guacamaya, Hotarus Corp, Kapustkiy, LockBit 3.0, NGB 3rd Technical Surveillance Bureau, National Intelligence Secretariat (Secretarï¿½a Nacional de Inteligencia, SENAIN), RansomEXX, Undetermined, Vice Society",-2.19,-79.8875
Egypt,10,"Ali El Top, Anonymous (R4BIA TEAM), Lebanese Cedar, Libyan Cyber Army, LockBit 3.0, Ministry of Intelligence and Security (MOIS) (APT 34 OilRig), SkyNetCentral, The BLuE, Undetermined, YMH",30.0444,31.2358
El Salvador,2,"FocaLeaks, Guacamaya",13.6989,-89.1914
Estonia,4,"Killnet, NGB 3rd Technical Surveillance Bureau, NoName057(16), Undetermined",59.4372,24.7453
Ethiopia,1,Undetermined,9.03,38.74
Fiji,2,"REvil, SonnySpooks",-18.1416,178.4419
Finland,10,"Akira, Anonymous Russia, Ethical Spectrum, GRU 85th Main Special Service Center (Unit 26165) (FANCYBEAR), LockBit 3.0, Ministry of State Security's (MSS) (APT31), NoName057(16), Ransom_Man, Undetermined, cl0p",60.1708,24.9375
France,62,"ALPHVM, Algerian Mujahideen, Amar^SHG, Anka Neferler Timi, AnonGhost, Anonymous, Anonymous Russia, Anonymous Sudan, Avaddon, Babuk, Black Basta, Cactus, Clop, Cuba, DarkSide, Egregor, Fr0mShell, GRU 85th Main Special Service Center (Unit 26165) (FANCYBEAR), GRU Main Special Center for Special Technologies (Unit 74455) (SANDWORM), Ghost Squad, Hive, INDRIK SPIDER, Industrial Spy, Islamic Cyber Army, Killnet, KromSec, Lapsus$, Linker Squad, LockBit, LockBit 2.0, LockBit 3.0, MAZE, Medusa, Metropolis, Ministry of Intelligence and Security (MOIS), Ministry of State Security's (MSS) Hainan State Security Department (APT40), Moroccan Hassan, MuhmadEmad, NGB 3rd Technical Surveillance Bureau, Nationalist, NetWalker, NoEscape, NoName057(16), Ouch, Play, REvil, Ragnar Locker, RansomEXX, Ranzy Locker, Rex Mundi, Rhysida, Russian Hackers Team, SVR (COZYBEAR), Smitt3nz AKA Rubber, Snatch, Syrian Electronic Army, Undetermined, Vice Society, WIZARD SPIDER, Water Roc, cl0p, desserped'",48.8567,2.3522
French Guiana,1,Vice Society,4.933,-52.33
Gabon,1,Anonymous,0.3903,9.4542
Georgia,3,"Cyber Islamic State, GRU Main Special Center for Special Technologies (Unit 74455) (SANDWORM), Undetermined",41.7225,44.7925
Germany,56,"0x_dump, ALPHVM, APT32, Anonymous, Anonymous Russia, AnonymousX777Z, Attackers from China, Babuk, Black Basta, Cactus, Clop, CyberBerkut, Daixin Team, DarkSide, Doppelgänger, EKANS (SNAKE), Egregor, Expl.oit AKA Exploit, Fuhrpark Service transport fleet, GOLD DUPONT, GRU 85th Main Special Service Center (Unit 26165) (FANCYBEAR), GRU Main Special Center for Special Technologies (Unit 74455) (SANDWORM), Ghostwriter, H4x0r HuSsY, Hive, Islamic Revolutionary Guard Corps (APT 35 Charming Kitten), Killnet, LV, Lazarus, LockBit, LockBit 3.0, Lorenz, Ministry of State Security's (MSS) Guangdong State Security Department (GSSD) (APT3), Mount Locker, NGB 3rd Technical Surveillance Bureau, National Security Agency, NoEscape, Pandora, People's CyberArmy, People's Liberation Army Strategic Support Force (PLA Unit 61398), Play, REvil, Ransom House, RansomEXX, Rhysida, Silent Librarian, Snake, Snatch, TA505, Two Unnamed Brazilian Hackers, Undetermined, Vice Society, WIZARD SPIDER, Water Roc, catz, cl0p",52.52,13.405
Ghana,2,"Alsancak Tim, Undetermined",6.7,-1.625
Gibraltar,1,Undetermined,36.14,-5.35
Greece,11,"Akincilar, Anonymous, KillMilk, Killnet, NGB 3rd Technical Surveillance Bureau, Phoenix's Helmets (Anka Neferler Tim), RADIS, Ragnar Locker, SVR (COZYBEAR), Undetermined, Vice Society",37.9842,23.7281
Greenland,1,Undetermined,64.1814,-51.6942
Guadeloupe,1,Undetermined,16.2411,-61.5331
Guam,1,AnonGhost,13.4692,144.7332
Guatemala,5,"ALPHVM, Guacamaya, Hive, Team Cyber Criminals, VSOP",14.6133,-90.5353
Holy See,2,"@THTHerakles, Undetermined",41.9029,12.4534
Hong Kong,5,"Islamic Revolutionary Guard Corps (IRGC) (Agonizing Serpents), KryptonZambie, NGB 3rd Technical Surveillance Bureau, Trigona, Undetermined",22.3,114.2
Hungary,7,"Anonymous, Kapustkiy; CyberZeist, NGB 3rd Technical Surveillance Bureau, Sawarim, Two Unnamed Brazilian Hackers, Undetermined, Zeppelin",47.4925,19.0514
Iceland,1,Anonymous,64.1467,-21.94
India,113,"@Rucyborg, @fs0c131y, ALPHVM, APT36, Afzal Faizal, AnonOpsIndia, Arab Warriors Team, Arvin Club, Ashik Iqbal Chy, Ayy?ld?z Tim, Bassterlord, Beenu Arora, BianLian, Bravewanderer, CYBO CREW and UNIT8200, Clinkz48, ConnectingFriend; KheXan rOot, Cryptolulz666, CyberSecurity & Intelligence (CSI), Desorden, Dnacookies, DragonForce Malaysia, DuckTail, Earth Longzhi, EpsilonRed, Faisal 1337, Fallaga Team, Four Teenagers, Fredens of Security, H4$N4!N H4XOR, H4x0r10ux m1nd, HaX0r Beast Prayer, Hacktivist Indonesia, HighTech Brazil Hackteam, HolaKo, Huawei, John Wick (AKA Korean Hackers), Kai-H4xOrR, Kami Haxor, Kapustkiy, Kapustkiy; Kasimierz L, Kerala Cyber Hackers, Kernelware, Knight, LeakBase, Legion, LockBit, MAZE, Mak Man, Medusa, Ministry of State Security's (MSS) Tianjin State Security Department (APT10), Mr 4nOnymOus (part of 034th adr355 Cr3w), Muhammad Bilal, Muhammad Bilalhas, Multiple Pakistani hacking groups, Mysterious Team Bangladesh, N.T.R., NGB 3rd Technical Surveillance Bureau, NetPirates AKA @TheNetShip, NetherlandsMoDz, Pakistan, Pakistan Haxors Crew, Pakistani Cyber Attackers, Perell, Phoenix, PieWithNothing, Pro-Palestinian, Quantum, R3dr0x, RansomHouse, Red Echo, Red Rabbit Team, Romantic; Intruder, RootDevilz; Jonturk75; Bozkurt97, STEPPY#KAVACH, Sc0rp!n Att@ck3r from Muslim Cyber Army, Sc0rp10nGh0s7, Shiny Hunters, ShinyHunters, ShopifyGUY, SideCopy (APT36), SideCopy APT, SiegedSec, Smitt3nz AKA Rubber, Snatch, Suspected Chinese hackers, Sylhet Gang, Syrian Electronic Army, TA505, TAG-28, TAG-38, Team Mysterious Bangladesh, Team Pak Cyber Attacker, Team Pak Cyber Experts, Team Pak Cyber Lions, Team R70, Team Unknown, TheFamily, Transparent Tribe, Undetermined, Unistellar, Vice Society, ViktorLustig, Virkid, Virushacker, Z Company Hacking Crew, Zcompany Hacking Crew, dawnofdevil, fallensky519, nclay, ph1k3, rOOX, sedut",28.61,77.23
Indonesia,14,"Alicenorin, Bjorka, Bl@ckt0r, Desorden, Kimbo, LockBit 3.0, MaDLeeTs, NGB 3rd Technical Surveillance Bureau, People's Liberation Army Strategic Support Force (PLA Unit 61398), ShinyHunters, ThreatSec, Undetermined, Vice Society, WIZARD SPIDER",-6.175,106.8275
Iran (Islamic Republic of),29,"APT27 (Iron Panda), Adalat Ali, Ali's Justice (Edalat-e Ali), Anonymous, Arvin Club, Attackers from three countries including Saudi Arabia, Black Reward, Central Intelligence Agency, Crazy-3r3r, GhostSec, GhyamSarnegouni (""Rise to Overthrow""), Green Leakers, Homeland Cheetahs, Irleaks, Islamic Revolutionary Guard Corps (APT 35 Charming Kitten), Israel, Lab Dookhtegan, People's Mujahedin of Iran (MEK), People's Mujahideen Organization of Iran (PMOI), Predatory Sparrow, RxR HaCker, Turk Hack Team, U.S. Justice Department, US Cyber Command, Undetermined, Xi'an Tianhe Defense Technology, Defense Contractor (APT15), Zurael_sTz, ap3x h4x0r, rootkitsecurity",32.4279,53.688
Iraq,3,"Ministry of Intelligence and Security (MOIS) (APT 34 OilRig), NetPirates AKA @TheNetShip, Undetermined",33.3153,44.3661
Ireland,8,"ALPHVM, Anonymous Sudan, Islamic Revolutionary Guard Corps (IRGC), MuhmadEmad, ShinyHunters, Undetermined, WIZARD SPIDER, cl0p",53.35,-6.2603
Islamic Republic of Iran,1,Undetermined,32.4279,53.688
Isle of Man,2,"Phineas Fisher, Undetermined",54.15,-4.4775
Israel,68,"@Apex_Haxor, @ThySavi0r; @anonf8, @security_511, AK-47, Abnaa AlSaada, Akincila, Al-Qassam Brigades, Altahrea Team, AnonGhost, Anoncoders, Anonsec, Anonymous, Anonymous (Arab), Anonymous (Sudan), Anonymous Sudan, Anonymous; AnonGhost, BlackMagic, BlackShadow, Cyber Avengers, Cyber Toufan, CyberToufan, DEV-0228, DangerPro, DarkBit, DeepBlueMagic, Dr.SHA6H, DragonForce, Enlace Hacktivist, Gaza Team, GhostSec, HAMAS, Hackers of Savior, Handala, Iran-linked group, Islamic Cyber Resistance, Islamic Revolutionary Guard Corps (APT 35 Charming Kitten), Islamic Revolutionary Guard Corps (CyberAv3ngers), Islamic Revolutionary Guard Corps (IRGC), Islamic Revolutionary Guard Corps (IRGC) (Agonizing Serpents), Islamic Revolutionary Guard Corps (IRGC) (Imperial Kitten), Israeli Elite Force (IEF), Killnet, Lebanese Cedar, LockBit 2.0, LockBit 3.0, Malek Team, MeshSec, Ministry of Intelligence and Security (MOIS), Ministry of Intelligence and Security (MOIS) (APT 34 OilRig), Moses Staff, N3TW0RM, NGB 3rd Technical Surveillance Bureau, Pay2Key, People's Liberation Army Strategic Support Force (PLA Unit 61398), Qadmon (or Kadimon), Ragnar Locker, Sangkancil, Sharp Boys, Sharpboys, Sheriff, ShinyHunters, SiegedSec, Soldiers of Solomon, Syrian Electronic Army, Undetermined, XakNet, al-Tahera, “Handala Hack”",32.08,34.78
Italy,94,"8Base, ADHD, ALPHVM, Adrastea, Akira, Alpha Team, AnonPlus, Anonymous, Anonymous (Italia); Antisec-Italia, Anonymous (Italy), Avaddon, Babuk, BianLain, Bl00dy, Bl@ckt0r, Black Basta, BlackBasta, BlackByte, BrettJS, CYBER ERROR SYSTEM, Cactus, Cryptolulz666, Cuba, Cyclops, D#nut Leaks, DarkRace, DarkSide, EKANS (SNAKE), Everest, GOLD DUPONT, GRU 85th Main Special Service Center (Unit 26165) (FANCYBEAR), Gensu & Turkhackteam, Ghost Italy, Giulio Occhionero; Francesca Maria Occhionero, Hive, INC, INDRIK SPIDER, Industrial Spy, InstaKilla, Iranian Nasr Institute (APT33), Kapustkiy, Kelvin Security, Killnet, Knight, LV, LockBit, LockBit 2.0, LockBit 3.0, LockBit 3.1, LockBit 3.2, LulzSecITA, LulzSecITA; Anonymous (Italy), Medusa, MedusaLocker, Monti, Mysterious Team, NGB 3rd Technical Surveillance Bureau, NN Hacking Group, NetWalker, NoEscape, NoName057(16), Nulled, Opheus Haxor, PHOBOS, PayOrG, Phenomene Dz, Phineas Fisher, Play, Quantum, REvil, Ragnar Locker, Ragnarok, Ransom House, RansomEXX, RansomHouse, RedDelta, Rhysida, Royal, SVR (COZYBEAR), ShinyHunters, Snatch, Sprite Spider, Stormous, Trigona, Two Unnamed Brazilian Hackers, Undetermined, Vice Society, WIZARD SPIDER, Water Roc, bRpsd, cl0p, fibonacci, hackermanfrisch, rogue0",41.8933,12.4828
Jamaica,3,"GOLD DUPONT, Play, Undetermined",17.9714,-76.7931
Japan,41,"@GroundingPlanes; @Guidelines, @ciadotgov, ALPHVM, APT32, Anonymous, Babuk, Cyberwolfgang, DarkSide, EKANS (SNAKE), Hunters International, Islamic State, Jeffrey, KarmaSec, Killnet, Lazarus, LockBit 3.0, Lorenz, MAZE, Medusa, Ministry of State Security's (MSS) (MUSTANG PANDA), Ministry of State Security's (MSS) Jinan State Security Department (APT17), Ministry of State Security's (MSS) Tianjin State Security Department (APT10), MirrorFace, NGB 3rd Technical Surveillance Bureau, NGB 3rd Technical Surveillance Bureau (BlueNorff), OurMine, People's Liberation Army Strategic Support Force (PLA Unit 61398), Phoenix, REF9134, REvil, Ragnar Locker, RansomEXX, RansomedVC, RansomedVC or MajorNelson?, Ryan S. Hernandez AKA Ryan West AKA RyanRocks, ShinyHunters, Threat actors from China, Tick, Undetermined, WIZARD SPIDER, cl0p",35.6897,139.6922
Jordan,6,"Anonymous; Ghost Squad, Avaddon, Lebanese Cedar, Ministry of Intelligence and Security (MOIS) (APT 34 OilRig), Rhysida, Undetermined",31.9497,35.9328
Kazakhstan,3,"Anonymous Russia, Ghostwriter, Undetermined",43.24,76.915
Kenya,9,"ALPHVM, Anonymous, Anonymous (Kenya), Anonymous Sudan, Gantengers Crew, Kiprop, RyanDa1338, Undetermined, World Hacker Team",-1.2864,36.8172
Kiribati,1,Undetermined,1.3382,173.0176
Korea (the Democratic People's Republic of),2,"US Cyber Command, Undetermined",40.3399,127.5101
Korea (the Republic of),20,"Anonymous, Anonymous; Ghost Squad, Cuba, GRU Main Special Center for Special Technologies (Unit 74455) (SANDWORM), Genesis Day, Islamic State, Kuroi'SH, Kyfx, Lapsus$, LockBit 3.0, MAZE, Ministry of State Security's (MSS) Tianjin State Security Department (APT10), NGB 3rd Technical Surveillance Bureau, NGB 3rd Technical Surveillance Bureau (INKY SQUID), NGB 3rd Technical Surveillance Bureau (Kimsuky), SEO, Snatch, TA505, Tick, Undetermined",35.9078,127.7669
Kuwait,7,"Cuba, Group_Dmar, Quantum, Rhysida, Shmook Amer; Dr.Hjd, Undetermined, Vice Society",29.3697,47.9783
Lao People's Democratic Republic,1,APT32,19.8563,102.4955
Latvia,5,"Anonymous Russia, Ghostwriter, Killnet, NoName057(16), Undetermined",56.9489,24.1064
Lebanon,6,"Anonymous (Lebanon), KINGDOM, Spiderz, Turk Guvengligi, Undetermined, Vice Society",33.8983,35.5057
Lebanon ,2,"R00Tk1T CYBER TEAM, Undetermined",33.8983,35.5057
Lesotho,1,Undetermined,-29.31,27.48
Libya,1,Kapustkiy,32.8872,13.1914
Liechtenstein,1,Undetermined,47.1667,9.5097
Lithuania,10,"Anonymous (Ukraine), Bear IT Army, Data, Ghostwriter, Killnet, Ministry of State Security's (MSS) , NoEscape, NoName057(16), Tsar Team, Undetermined",54.6872,25.28
Luxembourg,4,"ALPHVM, GRU Main Special Center for Special Technologies (Unit 74455) (SANDWORM), IntelBroker, Undetermined",49.6117,6.1319
Malawi,2,"Kapustkiy, Undetermined",-15.7861,35.0058
Malaysia,12,"ALTDOS, AnonGhost, Daixin Team, Desorden, Earth Longzhi, Evil Shadow Team, GOLD DUPONT, LeakBase, Lizard Squad, Ne0-h4ck3r; TiGER-M@TE; F0RTYS3V3N, Undetermined, Vice Society",3.1478,101.6953
Maldives,3,"Anonymous, Undetermined, Vice Society",4.1753,73.5089
Mali,2,"Kapustkiy, Turk Hack Team",12.6392,-8.0028
Malta,2,"Undetermined, runningsnail",35.8983,14.5125
Mexico,23,"@h1v3team, ALPHVM, Anonymous, Avaddon, BlackByte, CoomingProject, Gh0s7, Guacamaya, INDRIK SPIDER, LV, LockBit, LockBit 3.0, MexicanH Team, NGB 3rd Technical Surveillance Bureau, PayorGrief, Play, REvil, Royal, TheSnake, Two Unnamed Brazilian Hackers, Undetermined, cl0p, m1x",19.4333,-99.1333
Moldova (the Republic of),4,"Cloud Atlas, Killnet, Russian Hackers Team, Undetermined",47.4116,28.3699
Monaco,2,"Anonymous; Ghost Squad, GRU 85th Main Special Service Center (Unit 26165) (FANCYBEAR)",43.7333,7.4167
Mongolia,2,"APT27 (Iron Panda), Undetermined",47.9203,106.9172
Montenegro,5,"Anonymous; Ghost Squad, Cuba, GRU 85th Main Special Service Center (Unit 26165) (FANCYBEAR), TeaM MaDLeeTs, Undetermined",42.4414,19.2628
Morocco,5,"Cyb3r Drag0nz Team, Dorking92, Meow, The Exploit3rs, Undetermined",33.5333,-7.5833
Myanmar,5,"Desorden, Ministry of State Security's (MSS) (MUSTANG PANDA), Myanmar Hackers, Undetermined, Union of Hacktivists",21.9162,95.9559
Namibia,2,"Anonymous, Undetermined",-22.57,17.0836
Nauru,1,Anonymous,-0.5477,166.9209
Nepal,10,"@aparich95406002, Avian; Nepal Cyber Army, Bozkurtlar, Dr.3v1l, Moroccan Islamic Union-Mail, Satan, Sidewinder, Sidewinder (a.k.a. Rattlesnake, BabyElephant, APT Q4, APT Q39, Hardcore Nationalist, HN2, RAZOR Tiger, and GroupA21), Turkish Ajan, Undetermined",27.71,85.32
Netherlands,30,"856887, Akira, Anonymous, Arvin Club, Black Basta, Clop, Dark Angels, Egregor, GRU 85th Main Special Service Center (Unit 26165) (FANCYBEAR), GRU Main Special Center for Special Technologies (Unit 74455) (SANDWORM), InstaKilla, Killnet, LockBit 3.0, Ministry of State Security's (MSS) (MUSTANG PANDA), MuhmadEmad, NGB 3rd Technical Surveillance Bureau, National Intelligence Organization (Millî İstihbarat Teşkilatı), NoName057(16), Play, Qilin, Quantum, SVR (COZYBEAR), Silent Librarian, TA505, Two Unnamed Brazilian Hackers, USDoD, Undetermined, Vice Society, Xenotime and Kamacite, cl0p",51.55,5.0833
New Zealand,15,"@TheNetShip, Actor231004, Amn3s1a Team, DragonForce, LockBit 2.0, Medusa, Middle East Cyber Army, Ministry of State Security's (MSS) Hainan State Security Department (APT40) , NetWalker, RawShark, TA505, Team Muslim Cyberforce, Undetermined, VandaTheGod, Vice Society",-36.8406,174.74
Nicaragua,1,LockBit 3.0,12.1364,-86.2514
Nigeria,7,"Anonymous (Nigeria), Anonymous (Syria), Anonymous Sudan, GrenXPaRTa, Meow, Nigerian Cyber Army, Undetermined",6.455,3.3841
Norway,13,"Anonymous (Norway), Ayy?ld?z Tim, GRU 85th Main Special Service Center (Unit 26165) (FANCYBEAR), Legion Cyber Spetsnaz, Ministry of State Security's (MSS) (APT31), NoName057(16), Play, RansomEXX, SVR (COZYBEAR), Two Unnamed Brazilian Hackers, Undetermined, WIZARD SPIDER, austinsimon864",59.9133,10.7389
Oman,2,"Undetermined, United Arab Emirates",23.5889,58.4083
Pakistan,32,"ALPHVM, ASOR Hack Team, Anonymous, Anonymous (Pakistan), Anti Mortadin!@, Bl@Ck Dr@GoN, Bl@Ck Dr@GoN; Haxor T0du; Spider64, Blacksmith Hacker's Team, Confucius, Dr.SHA6H, Earth Longzhi, Godzilla, Greenbug, H4$N4!N H4XOR, Hell Shield Hackers, IBH (Indian Black Hats), Indian hackers, Kai-H4xOrR, Kai-H4xOrR; Shell Haxor, Kami Haxor, Ne0-H4ck3r, NetWalker, Pak Cyber Eaglez, Pakistan Haxors Crew, Team I Crew, Team Pak Cyber Experts, Th3 Ap3x, The Mallu Soldiers, Tiger Mate, Undetermined, White Company, Zukr@in",24.86,67.01
Palau,2,"LockBit and DragonForce, Undetermined",7.3419,134.4792
"Palestine, State of",4,"Gaza Cybergang, Indian Cyber Force, Ministry of Intelligence and Security (MOIS), ThreatSec",31.9522,35.2332
Panama,5,"ALPHVM, Anonymous, Panama, SonnySpooks, Undetermined",8.9833,-79.5167
Papua New Guinea,1,Undetermined,-9.4789,147.1494
Paraguay,4,"Avos Locker, Black Hunt, Mormoroth, Undetermined",-25.3,-57.6333
Peru,6,"BlackByte, Dark Power, Guacamaya, LockBit 3.0, Undetermined, WIZARD SPIDER",-12.06,-77.0375
Philippines,23,"ALPHVM, APT23, APT32, Anonymous, Anonymous (Philippines), Bloodsec International, Gantengers Crew, INC, IamNoobie, Lorenz, LulzSec Pilipinas, Medusa, Ministry of State Security's (MSS) (MUSTANG PANDA), Nigerian Individuals, Philippine Army, Pinoy Anonymouz, Pinoy Grayhats, Pinoy LulzSec; Elite Cyber Security; MCA and PHU DDOS Squad, Shin0bi_H4x0r, Undetermined, VirtuaL DARKWAR2, p0lak & sh0utz, ph1ns",14.5958,120.9772
Poland,17,"Anonymous Russia, CyberBerkut, GRU 85th Main Special Service Center (Unit 26165) (FANCYBEAR), GRU Main Special Center for Special Technologies (Unit 74455) (SANDWORM), Ghostwriter, HelloKitty, Islamic State, Killnet, NetPirates AKA @TheNetShip, NoName057(16), People's CyberArmy, Pravyy Sector, Two Polish citizens, Two Unnamed Brazilian Hackers, UAC-0114, Undetermined, Vice Society",52.23,21.0111
Portugal,11,"Actor230830, Fokinz, GOLD DUPONT, Lapsu$, LockBit 3.0, NGB 3rd Technical Surveillance Bureau, Ragnar Locker, Rhysida, Sudoh4k3rs, Undetermined, Vice Society",41.1621,-8.622
Puerto Rico,1,Undetermined,18.3985,-66.061
Qatar,3,"Snatch, Undetermined, United Arab Emirates",25.2867,51.5333
Republic of North Macedonia,1,Powerful Greek Army,41.6086,21.7453
Romania,18,"Anonymous, Anonymous (Romania), Anonymous Russia, Backmydata, Carbanak, DetoxRansome, GRU 85th Main Special Service Center (Unit 26165) (FANCYBEAR), Hive, Kami Haxor, Kapustkiy, Killnet, Meowless, NGB 3rd Technical Surveillance Bureau, PHOBOS, SVR (COZYBEAR), Two Unnamed Brazilian Hackers, Undetermined, nofawkX-al",44.4325,26.1039
Russian Federation,87,"2402team, AgainstTheWest, AgainstTheWest"" (ATW), Anonymous, Anonymous Russia, Anonymous-DepaixPorteur, Anti-Armenia Team, Apathy, Arvin Club, Attackers allegedly affiliated with the Wagner Group, B00daMooda and @DepaixPorteur., BLACKJACK, BO Team, Belarusian Cyber Partisans, Black-Spy, Blackjack, Buhtrap, Carbanak, Cloud Atlas, Cryptolulz666, Cyber Palyanitsa, Cyber Resistance, Cyber.Anarchy.Squad, CyberHunta, DayKalif, Digital Revolution, DumpForums, DumpForums and Ukrainian Cyber Alliance, Dutch AIVD, FBI, GRU 85th Main Special Service Center (Unit 26165) (FANCYBEAR), GRU Main Special Center for Special Technologies (Unit 74455) (SANDWORM), GURMO, GhostSec, Hacktivists from Ukraine, Haydamaki, Hdr0, IT Army of Ukraine, Israel, KalvinSecurity, Kapustkiy, Kelvin Security, KibOrg and NLB, Kraken, Lone Wolf, MaXiMiZerS, Main Intelligence Directorate (GUR), Mastermind, Meris Botnet, Ministry of State Security's (MSS) (MUSTANG PANDA), Ministry of State Security's (MSS) Tianjin State Security Department (APT10), MoneyTaker, NB65, NB65 (AKA Network Battalion 65), NGB 3rd Technical Surveillance Bureau, NLB, NLB Team, National Republican Army (NRA), National Republican Army of Russia, OneFist, Ov1ru$, People's CyberArmy, Phoenix, RGB, RIAEvangelist, Russian Cyber Command, Shaltai Boltai, SonnySpooks, Spid3r, Spielerkid89, StudentCyberArmy, Tessa88, The Black Rabbit World, Turk Hack Team, Two Unnamed Brazilian Hackers, US Cyber Command, Ukraine IT Army, Ukraine's IT Army, Ukraine's defense intelligence directorate (GUR), Ukraine's intelligence service, Ukrainian IT Army, Undetermined, WKPF, Western intelligence, XDSpy, v0g3lSec, vimproducts",61.524,105.3188
Rwanda,2,"Undetermined, World Hacker Team",-1.9439,30.0594
Saint Vincent and the Grenadines,2,"NGB 3rd Technical Surveillance Bureau, Undetermined",13.1308,-61.1928
Saudi Arabia,20,"'zelda', Anonymous, Babuk, Central Scientific Institute of Chemistry and Mechanics, Cuba, DarkSly, GOLD DUPONT, Justice Blade, Lebanese Cedar, Moroccan Islamic Union-Mail, Mr.Rocky; Mr.Slyman, Mr.Xpr!, NGB 3rd Technical Surveillance Bureau, NetWalker, Oppressed Defenders, Syrian Electronic Army, Undetermined, Vice Society, Xing Team, Yemen Cyber Army",24.6333,46.7167
Senegal,1,Undetermined,14.6928,-17.4467
Serbia,3,"Medusa, PwndLocker, Undetermined",44.82,20.46
Seychelles,2,"Digileaker, Undetermined",-4.6231,55.4525
Sierra Leone,1,Shield Iran,8.4844,-13.2344
Singapore,14,"ALTDOS, Anonymous, Donut Leaks, FIN11, MAZE, Meow, NGB 3rd Technical Surveillance Bureau, Nationalist, Pyopz, ShinyHunters, Silent Librarian, The Knowns, Undetermined, Vice Society",1.3,103.8
Sint Maarten,1,Undetermined,18.0237,-63.0458
Slovakia,8,"@0x1Taylor, Anonymous (Czech Republic); Anonymous (Slovakia), Anonymous Russia, Hmei7, Kapustkiy, NGB 3rd Technical Surveillance Bureau, Undetermined, r3dm0v3",48.1439,17.1097
Slovenia,3,"Bl4CKJ0K3R, Rhysida, Undetermined",46.0514,14.5061
South Africa,23,"Absa employee, Akira, Anonymous, Anonymous (Africa), Clop, CoomingProject, Everest, INDRIK SPIDER, Islamic Revolutionary Guard Corps (IRGC) (Agonizing Serpents), Kapustkiy, LockBit, Ministry of State Security's (MSS) Tianjin State Security Department (APT10), N4ughtySecTU Group, N4ughtysecTU, NGB 3rd Technical Surveillance Bureau, New World Hackers (NWH), Pysa, RansomHouse, Shadow Kill Hackers, Snatch, Tobitow, Undetermined, World Hacker Team",-26.2044,28.0456
Spain,34,"8Base, @FkPoliceAnonOps, ALPHVM, Anonymous, Anonymous (Catalonia), Babuk, BianLian, Black Basta, DonJuji, GhostSec, Hive, Hmei7, KelvinSecTeam, Linker Squad, LockBit, LockBit 3.0, NGB 3rd Technical Surveillance Bureau, OurMine, People's CyberArmy, Phineas Fisher, Play, Pwned, REvil, RansomEXX, RansomHouse, Snatch, Snow, Sparta Blog, Stormous, Syrian Electronic Army, TeaMp0isoN, Undetermined, Vice Society, WIZARD SPIDER",40.4169,-3.7033
Sri Lanka,6,"Bozkurtlar, Dr.MwNs, IAMLUPO, Sidewinder, Undetermined, Water Roc",6.9344,79.8428
Sudan,1,Ministry of Intelligence and Security (MOIS) (APT 34 OilRig),15.6,32.5
Sweden,16,"Akira, Anonymous Sudan, Cactus, CocaineSecurity, Daniel, Enlace Hacktivist, Ministry of State Security's (MSS) Tianjin State Security Department (APT10), Mirai, NGB 3rd Technical Surveillance Bureau, NoName057(16), Ransom House, Silent Librarian, Snatch, Undetermined, Vice Society, ph1k3",59.3294,18.0686
Switzerland,27,"Anonymous (Poland), Apophis Squad, Armada Collective, Black Basta, FSB 18th Center for Information Security (Berserk Bear), GRU 85th Main Special Service Center (Unit 26165) (FANCYBEAR), GRU Main Special Center for Special Technologies (Unit 74455) (SANDWORM), Hive, Industrial Spy, Kapustkiy, Kernelware, KillMilk, Killnet, Medusa, NGB 3rd Technical Surveillance Bureau, NSHC, NoName057(16), OurMine, People's Liberation Army Strategic Support Force (PLA Unit 61398), Play, Quantum, Rex Mundi, SVR (COZYBEAR), Undetermined, Vice Society, WIZARD SPIDER, cl0p",47.3744,8.5411
Syrian Arab Republic,8,"Cyber Justice Team, Islamic State, Syrian Electronic Army, The Cyber Army of the Khilafah, TurkGuvenligi, Undetermined, United Cyber Caliphate, Zer0Pwn",34.8021,38.9968
Taiwan,1,Undetermined,24.1439,120.6794
Taiwan (Province of China),21,"APT23, AvosLocker, Cuba, Desorden, Earth Longzhi, Five Families, GOLD DUPONT, INDRIK SPIDER, Kapustkiy, Kernelware, LockBit 3.0, Ministry of State Security's (MSS) (MUSTANG PANDA), NGB 3rd Technical Surveillance Bureau, People's Liberation Army Strategic Support Force (PLA Unit 61398), REvil, Ragnar Locker, Sprite Spider, Toogod, Undetermined, WIZARD SPIDER, uid=0",24.1439,120.6794
Tajikistan,1,Mr.Xhat,38.5367,68.78
"Tanzania, United Republic of",2,"Ministry of Intelligence and Security (MOIS) (APT 34 OilRig), World Hacker Team",-6.369,34.8888
Thailand,26,"9Near, ALTDOS, Anonymous, BigBrother's Gaze, Blink Hacker Group, Desorden, Earth Longzhi, Gh0s7, Ghostr, Hunter butt, K0LzSec, LockBit 2.0, LockBit 3.0, Milw0rm, NDT SEC, NGB 3rd Technical Surveillance Bureau, Naraka', Qilin, R1g, ShinyHunters, Snatch, Soni, Thailand, Undetermined, Vice Society, yPeRtRoN",13.7525,100.4942
Togo,2,"Togo, Undetermined",8.9833,1.1333
Tonga,1,Medusa,-21.1333,-175.2
Trinidad and Tobago,3,"Anonymous, REvil, Undetermined",10.5167,-61.4
Tunisia,1,Anonymous,36.8064,10.1817
Turkey,17,"AhmetU, Anonymous, Anonymous (Greece), Ebu Duhan, Former Rezzannday employee, Ministry of Intelligence and Security (MOIS) (APT39 REMIX KITTEN), Monte Melkonian Cyber Army (MMCA), MuhmadEmad; Anonymous (Kurdistan), NGB 3rd Technical Surveillance Bureau, ROR[RG], Ransomed, RedHack, Spectre123, Two Unnamed Brazilian Hackers, Undetermined, United Arab Emirates, bRpsd",41.0136,28.955
Turkmenistan,3,"Abdellah Elmaghribi; Moroccan Wolf, Dr.SHA6H, Undetermined",37.9375,58.38
Uganda,3,"Anonymous, GeNiuS-JorDan, Hanom1960",0.3136,32.5811
Ukraine,49,"@ciadotgov, AlTahrea, Anonymous (Ukraine), Anonymous Russia, Anonymous Sudan, Bl00dy, Clowns, Cyber Army, CyberBerkut, DEV-0586, Earth Longzhi, Egregor, FSB 18th Center for Information Security (Berserk Bear), FSB 18th Center for Information Security (Gamaredon), GRU 85th Main Special Service Center (Unit 26165) (FANCYBEAR), GRU Main Special Center for Special Technologies (Unit 74455) (SANDWORM), GRU Unit 74455 (SANDWORM), Ghostwriter, Green Dragon Crew, ICC_H@ckTeam, IRIDIUM, IT Army of Ukraine, Killnet, Medusa, Myrotvorets, National Cyber Army, NoName057(16), People's CyberArmy, Peoples Cyber Army, Phoenix, RaHDIt, RansomEXX, Red Hackers Alliance, Russian Hackers Team, Threat actors from Russia, UAC-0041, UAC-0050, UAC-0056, UAC-0063, UAC-0097, UAC-0098, UAC-0114, UAC-0132, Ukranian Svoboda Party, Undetermined, Vermin, XakNet, Zarya, theMx0nday",50.45,30.5233
Undetermined,81,"@ulzr1z, @yanluowangleaks, A hacker(s) claiming to be affiliated with Anonymous, ALPHVM, APT32, Akihirah, Amped Attacks AKA sgtbilko420, Anonymous, Anonymous (Protection), AristoK3, Avaddon, Blue Mockingbird, Buddhax, Buhtrap, Carbanak, Chipher0007, Connor Freeman, Cuba, Curious Gorge, Cursed Patriarch, Cyber Freedom, Daeshgram, DarkHydrus, DeleteSec, ElSurveillance, FIN8, FSB 18th Center for Information Security (Berserk Bear), Fallaga Team, FireHack, Football Leaks, GRU 85th Main Special Service Center (Unit 26165) (FANCYBEAR), IntelBroker, Intsights, Killnet, Kim Jong-Cracks, LockBit 3.0, Lorenz, MAZE, Malsmoke, Mat AKA @0xScripts, Ministry of Intelligence and Security (MOIS) (APT 34 OilRig), Ministry of State Security's (MSS) (MUSTANG PANDA), MoustachedBouncer, NGB 3rd Technical Surveillance Bureau, NGB 3rd Technical Surveillance Bureau (BlueNorff), NetPirates AKA @TheNetShip, Odinaff group, OurMine, Peace, Peace AKA Peace_Of_Mind, People's Liberation Army Strategic Support Force (PLA Unit 61398), Pernicious Developers, Play, PoodleCorp, Quantum, REvil, Raidforums, Ranzy Locker, Rhysida, SVR (COZYBEAR), SVR (Calisto), Scattered Spider, ShinyHunters, Smitt3nz AKA Rubber, Snatch, Stonefly, TA4563, TA505, TarTarX, Turk Guvengligi, Two individuals, US Cyber Command, Undetermined, United Kingdom, W0rm, WINDSHIFT, WauchulaGhost, YoroTrooper, aabbccddeefg, holo-gfx, pompompurin",,
United Arab Emirates,16,"ALPHVM, Anonymous, Anonymous Sudan, AvosLocker, Bozkurtlar, Hacker Buba, Islamic State, Lebanese Cedar, ManiAc Naiem, NGB 3rd Technical Surveillance Bureau (BlueNorff), NullCrew; TheHorseMenLulz, Smitt3nz AKA Rubber, Snatch, TheHorsemen, Undetermined, Websites Hunter",25.2631,55.2972
United Kingdom of Great Britain and Northern Ireland,106,"15-year old Merseyside boy, 8Base, @DadSecurity, @HTGzSecurity, @JM511, @n0w1337, @security_511, @th3inf1d3l, ALPHVM, Agenda a.k.a. Qilin, Water Galura, Akira, Altahrea Team, AnoaGhost, Anonymous, Anonymous Sudan, Armada Collective, Ayy?ld?z Tim, Babuk, Black Basta, Cactus, Caliphate Cyber Army, Chris Hutcheson, Clop, Couple from Vietnam, Cuba, DarkSide, Darkshadow, ElSurveillance, Evil Corp, Fallaga Team, GOLD DUPONT, GRU 85th Main Special Service Center (Unit 26165) (FANCYBEAR), GRU Main Special Center for Special Technologies (Unit 74455) (SANDWORM), Ghostwriter, GrenXPaRTa, His Royal Gingerness, Hive, Horux, INC, INDRIK SPIDER, Impotent, Islamic Revolutionary Guard Corps (APT 35 Charming Kitten), Islamic State, Jamescarter, Killnet, Lapsus$, Lebanese Cedar, Light, Lizard Squad, LockBit 2.0, LockBit 3.0, Lorenz, MAZE, Medusa, Mespinoza, Michael Westbury, Ministry of Intelligence and Security (MOIS), Ministry of State Security's (MSS) (APT19), Ministry of State Security's (MSS) Hainan State Security Department (APT40), Moroccan Islamic Union-Mail, Moroccanwolf, Mount Locker, MuhmadEmad, NGB 3rd Technical Surveillance Bureau, Nathan Wyatt AKA Crafty Cockney, NoName057(16), Nofawkx-al; Kkuq e zi, OurMine, PhineasFisher, Phoenix, Play, Prince AKA @n0w1337, REvil, RansomEXX, RansomHouse, Rhysida, Richard Edmunds, Royal, SVR (COZYBEAR), Saudi Arabia, Scott Ainge, Sdambasha, Sekhmet, Silent Librarian, Smitt3nz AKA Rubber, Snatch, Stealth Falcon, Sultan Haikal; Gantengers Crew, TA505, Team System DZ, Th3 Ap3x, The Dark Overlord, Two Unnamed Brazilian Hackers, Undetermined, United Arab Emirates, UserSec, Vice Society, WIZARD SPIDER, X-saad, XakNet, Xi'an Tianhe Defense Technology, Defense Contrator (APT15), af,, boredbloke, cl0p, r3dm0v3, sn0n",55.3781,-3.436
United States of America,459,"$2a$45, 'emo', 0mega, 0x2Taylor, 13-year-old Benjamin Franklin Middle School student, 1x0123, 31337, 3xp1r3 Cyber Army, 8Base, @0x1Taylor, @0x55Taylor, @2aiden3, @Compl3x1ty, @G3NTbl4ck, @IncursioSubter, @Lid, @TehBVM, @TheFamilyMethod, @YourVikingdom2015, @ciadotgov, @gift2death, @headassgang, @kitlol5, @rmsg0d, @sw@ylol, AKO, ALPHVM, APT41, Abdellah Elmaghribi, Abyss, Akira, Alex Van Handle, AlfabetoVirtual, Ameer Elashmawy, Amped Attacks AKA sgtbilko420, Andrew ""Weev"" Auernheimer, AnonCoder, AnonGhost, AnonPlus, Anonsec, Anonymous, Anonymous (Conservative), Anonymous (Corrupt), Anonymous (Iran), Anonymous (Poland), Anonymous (USA), Anonymous Legion, Anonymous Russia, Anonymous Sudan, Anthony Clark, Anti WMD Team, AppState Leaks, Armada Collective, Ashiyane Digital Security Team, Astro Team, Avaddon, Avos Locker, AvosLocker, Ayy?ld?z Tim, B0yzTeam, Babuk, Berkshire Hathaway Homestate; Cypress Insurance; Zenith Insurance, Berkut, BianLain, BianLian, Bitcoin Baron, Bl00dy, Bl@ckt0r, Black Basta, BlackBasta, BlackByte, BlackCat, BlackMatter, BlackSuit, Boris Bullet-Dodger, Bravewanderer, Brenda, Brian Noe, Bundeswehr's Computer Network Operations Unit (CNO), C0d3c1t4d3l, Cactus, Caliphate Cyber Army, Carbanak, Carbonic AKA @MarxistAttorney, Chief AKA @Puttied, Chrichir, Christopher Dobbines, Christopher Dobbins, Christopher Taylor, Chuckling Squad, Clop, CoMoDo, Coaches for the football team at Braden River, Colbi Trent Defiore, Coldzer0, Collective of religiously and politically motivated hacker, Colossus, Comcastkids, Conti, Crackas With Attitude, Crash Override, Cru3lty, Cuba, Cyber Islamic State, CyberBerkut, CyberCaliphate, CyberTeam, CyberZeist, D0nut Leaks, DC Leaks, DERP Trolling, Daixin, Daixin Team, Daniel Soares; Alex Mosquera; Erick Vaysman, Dark Angels, DarkSide, DataBreaches user ""Mud"", DeleteSec, Denarius, DeroHE, Desmond Babloo Singh, Destroyer2009, Dohaeragon, Donut Leaks, DoppelPaymer, Dr.SHA6H, DragonForce, Dump Phenom, Dunghill Leak, Eddie Raymond Tipton, Eg-R1z, Eggfather, Egor Igorevich Kriuchkov, Egregor, ElSurveillance, Elite Islamic State Hackers, Eric Walstrom, Eris Loris, Essaji, Eugene Belford, Evaldas Rimasauskas, Everest, Evil Corp, Exfocus, FIN11, FIN7, FRID4Y, FSB 18th Center for Information Security (Berserk Bear), FSB 18thï¿½Center for Information Security (Berserk Bear); GRU Unit 26165 (FANCY BEAR), FahriDinerPlume and Panic, Fearz, Five Hennepin HealthCare employees, Former Ashley County Medical Center employee, Former Geisinger Berwick employee, Former Montefiore Medical Center employee, Fullz House, GOLD DUPONT, GRU 85th Main Special Service Center (Unit 26165) (FANCYBEAR), GRU Main Special Center for Special Technologies (Unit 74455) (SANDWORM), Galvanize Mob, Gantengers Crew, Ghost Squad, Ghost Squad Hackers, Gnosticplayers, Golem, Gordon Welterlen; Nicole Milan, Graham Ivan Clark, Grief, Groove, H1d3n Root, Hagash Team, Hayalim Almonim, Hector Navarro, HelloKitty, HelloKitty?, Hive, Hufflepuff, Hunters International, INC, INC Ransom, INDRIK SPIDER, Ibraheem Ahmed Al Bayati, Individual, IntelBroker, Iran Cyber Security Group Hackers, Iranian Nasr Institute (APT33), Iranian hacker, IsHaKdZ, Islamic Cyber Army, Islamic Cyber Resistance, Islamic Revolutionary Guard Corps (APT 35 Charming Kitten), Islamic Revolutionary Guard Corps (IRGC), Islamic State, JAx, JM511, JackieChan/USInfoSearch, James Willy, Jamie Stephanie Guilford, Janitor, Jennifer Lennell Small, John Doe, JokerStash, Jonathan Ly, Jonathan Powell, Jose Bautista, Kapustkiy, Karakurt, Kelvin Onaghinor, Kelvin Security, KillMilk, Killnet, Knight, Kuroi'SH, Kuroi'SH; Prosox, L.M., LNO uNiTy, LOSPELAOSBRO, LV, Lapsu$, Lapsus$, Lapsus$ gang, Laura Rose Carroll, Lebanese Cedar, Lizard Squad, LockBit, LockBit 2.0, LockBit 3.0, Lorde Bashtien, Lorentz, Lorenz, Lost Trust, Lov3rDns, Lynx, MAZE, MaeSTro-GhoL, Mamad Warning, Mark Nsd, Medusa, MedusaLocker, Meow, Meris Botnet, Mespinoza, Mexican drug cartels, Middle East Cyber Army, Ministry of Intelligence and Security (MOIS), Ministry of Intelligence and Security (MOIS) (APT 34 OilRig), Ministry of State Security's (MSS) (APT19), Ministry of State Security's (MSS) Guangdong State Security Department (GSSD) (APT3), Ministry of State Security's (MSS) Hainan State Security Department (APT40), Ministry of State Security's (MSS) Tianjin State Security Department (APT10), Mirai, MoRo, Money Message, Monti, Moroccan Islamic Union-Mail, Moroccan Revolution Team, Muhammad Fahd, MuhmadEmad, Multiple threat actors, MuslimLeets (aka Muj4hida), NGB 3rd Technical Surveillance Bureau, NGB 3rd Technical Surveillance Bureau (BlueNorff), Nathan, Nathan Leroux; Sanadodeh Nesheiwat; David Pokora; Austin Alcala;, National Security Agency, NetWalker, New World Hackers (NWH), New World Hackers group (NWH), New World Hacktivists (NWH), New World Order, Nicholas Truglia, NightLion, NoEscape, NoName057(16), Nokoyawa, NullCrew, Omnichorus, OpSeaWorld, Orion, Osiris banking Trojan, Ouch, OurMine, Paige Thompson, Palesa, PayorGrief, Peace, PeggleCrew, Penis AKA @DotGovs, People's Liberation Army Strategic Support Force (PLA Unit 61398), Phantom Squad, Phantom Squad; @cripthepoodle, Phobos, Phoenix, Photon AKA @PhotonicProton, Play, PoodleCorp, Pr0digy, Pravyy Sector, ProLock, Pro_Mast3r, ProbablyOnion, Prometheus, Protag, PwndLocker, Pysa, Qilin, Quantum, R.I.U. Star Patrol, REvil, RIPPRGANG; Autismsquad, ROR[RG], Radar and ALPHVM, Ragnar Locker, Rajol Hazin, Ransom House, RansomEXX, RansomHouse, Ransomed, RansomedVC, RedHack, Rekan Herror, Renauld Clayton, Return, Revolver AKA 1x0123, Rhysida, Richard Liriano, River City Bank employee, RootAyyildiz, Royal, Russian Cyber Army, Russian hackers, RyanDa1338, Ryushi, SCUWatch, SE2mhZVVY7HF4VEV0cOH, SVR (COZYBEAR), SVR (Calisto), SaLeM, Sahoo, Sally-Anne Jones (Umm Hussain Britaniya), Saudi Arabia, Sawfish, Scattered Spider AKA UNC3944 and 0ktapus, SchoolBoysGang, Shadow Brokers, Shandra Gilles, Sheriff, ShinyHunters, ShinyHunters and MajorNelson, SiegedSec, Silent Librarian, Silent Ransom Group' (SRG) and 'Luna Moth', SingularityMD, Sinister, SkYz0, Slug', Smitt3nz AKA Rubber, Snatch, SonnySpooks, Spain Squad, State Department employee, Stephen Godlett, Stormous, Su Bin, Sudhish Kasaba Ramesh, Sum Guy, SunCrypt, SuperExtremeShitpostingTeam, Swan, Syrian Electronic Army, TA505, TA569, TeaMp0isoN, TeaPots, Team Bad Dream, Team Danny, Team Fursec, Team System DZ, TeamBerserk, Telecomix Canada, Tessa88, The Dark Overlord, The GreaT Team, The Lizard Squad, The Real Deal, TheFamily, TheNeoBoss, Thrax, Three Dutch hackers named Edwin, Mattijs and Victor, ThreeAM, ThreeAM (AKA 3AM), Ticketmaster, TimisoaraHackerTeam, Todd Davis aka Lifelock, Trigona, Trina Chu, Truthsec, TuftsLeaks, Twister Canyon, Two Sherman High School students, Two unidentified students, UNC3944, UNC4736, US Navy, USDoD, Uawrongteam, UkDrillas, Ukrainian National, Ulzr1z, Undetermined, United Cyber Caliphate, United Microelectronics Corporation, Unknown Nigerian attackers, Unnamed Amazon employee, Unnamed Fort Zumwalt School District student, Vanda The God, VandaTheGod, Venus, Vice Society, Vigilance, VikingDom2016, Volodymyr Kvashuk, W0rm, WIZARD SPIDER, Water Roc, Wealth Squad Chris, Websites Hunter, Wild Neutron, Xing Team, Zhengquan Zhang, Zyklon, aLem!, bRpsd, baidu3250617231, bluebunny14, booloop, chikri95, cl0p, cryptom27, cybervor, devil, f AKA @Cleaver, g0tchack, labs666, mr.nsaany, n3tr1x; str0ng, nclay, netsaosa, p0lak; sh0utz, pompompurin, pr0jekkt, r3dm0v3, rmsrf, savaka, sn0n, uid0, victim, zerodark70, ‘wangfei19860902055’",37.0902,-95.7129
Uruguay,2,"Avos Locker, Undetermined",-34.8836,-56.1819
Uzbekistan,2,"Dr.SHA6H, National Security Service Unit 02616",41.3111,69.2797
Vanuatu,1,Undetermined,-17.7333,168.3167
Venezuela (Bolivarian Republic of),12,"ALPHVM, Bl00dy, Bl@ckt0r, Guacamaya, Kapustkiy, KelvinSecTeam, LulzSec (Peru), Machete, Play, Team HDP, The Binary Guardians, Undetermined",6.4238,-66.5897
Viet Nam,10,"APT23, APT27 (Iron Panda), Erwincho, Kernelware, Lizard Squad, MAZE, NGB 3rd Technical Surveillance Bureau, NGB 3rd Technical Surveillance Bureau (BlueNorff), ThreatSec, Undetermined",14.0583,108.2772
Yemen,1,United Arab Emirates,15.3483,44.2064
Zambia,1,Hive,-15.4167,28.2833
Zimbabwe,3,"Anonymous, Anonymous (Africa), Undetermined",-17.8292,31.0522
