ttp,cves,CWE-ID
 T1480,CVE-2012-4681,NVD-CWE-noinfo
 T1565.001,"CVE-2020-5539, CVE-2015-7925","CWE-639, CWE-352"
T0803,CVE-2018-17924,CWE-306
T0804,CVE-2018-17924,CWE-306
T0812,CVE-2018-14847,CWE-22
T0814,CVE-2020-6986,CWE-400
T0816,CVE-2018-18995,CWE-306
T0826,"CVE-2020-16200, CVE-2019-13555","CWE-757, CWE-400"
T0828,"CVE-2018-18667, CVE-2018-18665, CVE-2018-19833, CVE-2018-19830, CVE-2018-19831, CVE-2018-17877","CWE-190, CWE-190, CWE-287, CWE-862, CWE-287, CWE-338"
T0833,CVE-2018-5459,CWE-287
T0836,CVE-2018-18995,CWE-306
T0842,"CVE-2020-12008, CVE-2019-13533","CWE-319, CWE-294"
T0855,"CVE-2019-13533, CVE-2018-17924, CVE-2018-5459, CVE-2018-18995","CWE-294, CWE-306, CWE-287, CWE-306"
T0859,CVE-2020-12008,CWE-319
T0860,"CVE-2019-6538, CVE-2019-6538","CWE-862, CWE-306"
T0873,CVE-2019-10980,CWE-843
T0875,CVE-2018-17924,CWE-306
T0880,CVE-2017-14487,CWE-290
T1003,CVE-2014-1812,CWE-255
T1003.008,CVE-2020-3240,CWE-20
T1005,"CVE-2020-0955, CVE-2020-5331, CVE-2020-11059, CVE-2020-5284, CVE-2020-5366, CVE-2020-1569, CVE-2020-1495, CVE-2020-16874, CVE-2020-11039, CVE-2020-5373, CVE-2020-5539, CVE-2020-1109, CVE-2020-11652, CVE-2020-5371, CVE-2020-5386, CVE-2020-11045, CVE-2020-1141, CVE-2020-15137, CVE-2020-11019, CVE-2020-11010, CVE-2020-5220, CVE-2020-11021, CVE-2020-5270, CVE-2020-11087, CVE-2020-3477, CVE-2020-3312, CVE-2020-1111, CVE-2020-6993, CVE-2020-16211, CVE-2020-3177, CVE-2020-1456, CVE-2020-5364, CVE-2020-3240, CVE-2020-0671, CVE-2020-6974, CVE-2019-1118, CVE-2019-5910, CVE-2019-1031, CVE-2019-0609, CVE-2019-1013, CVE-2019-9670, CVE-2019-3767, CVE-2019-15963, CVE-2019-3786, CVE-2019-3732, CVE-2019-3731, CVE-2019-3799, CVE-2019-13511, CVE-2019-15972, CVE-2019-6538, CVE-2019-6538, CVE-2019-1942, CVE-2019-18234, CVE-2019-1860, CVE-2019-6522, CVE-2019-16768, CVE-2018-15466, CVE-2018-15444, CVE-2018-8111, CVE-2018-8607, CVE-2018-18990, CVE-2018-5445, CVE-2018-7526, CVE-2018-17934, CVE-2018-8248, CVE-2018-8575, CVE-2018-8353, CVE-2018-8110, CVE-2018-11048, CVE-2018-11051, CVE-2018-15780, CVE-2018-8160, CVE-2018-15771, CVE-2018-5459, CVE-2018-8355, CVE-2018-14809, CVE-2018-10610, CVE-2017-16651, CVE-2015-0984, CVE-2015-7935, CVE-2014-0751, CVE-2013-4335","NVD-CWE-noinfo, CWE-200, CWE-200, CWE-22, CWE-22, CWE-787, NVD-CWE-noinfo, NVD-CWE-noinfo, CWE-190, CWE-306, CWE-639, NVD-CWE-noinfo, CWE-22, CWE-732, CWE-668, CWE-125, NVD-CWE-noinfo, CWE-190, CWE-125, CWE-89, CWE-200, NVD-CWE-noinfo, CWE-601, CWE-125, CWE-863, CWE-732, NVD-CWE-noinfo, CWE-200, CWE-125, CWE-22, CWE-79, CWE-200, CWE-20, NVD-CWE-noinfo, CWE-22, NVD-CWE-noinfo, CWE-22, CWE-79, CWE-787, CWE-200, CWE-611, CWE-312, NVD-CWE-noinfo, CWE-345, CWE-203, CWE-203, CWE-22, CWE-416, CWE-89, CWE-862, CWE-306, CWE-89, CWE-89, CWE-99, CWE-125, CWE-209, CWE-306, CWE-611, CWE-787, CWE-79, CWE-22, CWE-22, CWE-425, CWE-22, NVD-CWE-noinfo, NVD-CWE-noinfo, CWE-416, CWE-787, CWE-611, CWE-22, NVD-CWE-noinfo, CWE-200, CWE-200, CWE-287, CWE-787, CWE-416, CWE-787, CWE-552, CWE-22, CWE-200, CWE-22, CWE-776"
T1005 ,CVE-2020-5295,CWE-98
T1036,"CVE-2020-5250, CVE-2020-5270, CVE-2020-16198, CVE-2020-1456, CVE-2019-1031, CVE-2019-3788, CVE-2019-3778, CVE-2019-1831, CVE-2018-0560, CVE-2018-17934, CVE-2018-8607, CVE-2018-11067, CVE-2018-5451","CWE-552, CWE-601, CWE-693, CWE-79, CWE-79, CWE-601, CWE-601, CWE-20, CWE-20, CWE-22, CWE-79, CWE-601, CWE-287"
T1036 ,CVE-2020-15233,CWE-601
T1036.,CVE-2018-15869,CWE-732
T1036.005,CVE-2020-6808,CWE-290
T1040,"CVE-2020-11035, CVE-2020-5261, CVE-2020-15093, CVE-2020-15094, CVE-2020-0884, CVE-2019-1715, CVE-2018-7259, CVE-2018-11749, CVE-2018-14781","CWE-327, CWE-294, CWE-347, CWE-212, CWE-319, CWE-332, CWE-319, CWE-319, CWE-287"
T1046,"CVE-2017-14323, CVE-2012-6685","CWE-918, CWE-776"
T1053.005,CVE-2010-3338,CWE-20
T1055,"CVE-2020-6820, CVE-2020-6820, CVE-2020-11738, CVE-2019-9978, CVE-2016-0099, CVE-2015-1641, CVE-2013-3336","CWE-362, CWE-416, CWE-22, CWE-79, CWE-264, CWE-399, NVD-CWE-noinfo"
T1055.001,CVE-2018-11072,CWE-427
T1057,CVE-2012-4681,NVD-CWE-noinfo
T1059,"CVE-2020-15179, CVE-2020-15183, CVE-2020-15162, CVE-2020-11073, CVE-2020-5267, CVE-2020-5332, CVE-2020-5350, CVE-2020-15143, CVE-2020-5281, CVE-2020-12029, CVE-2020-5297, CVE-2020-5241, CVE-2020-15189, CVE-2020-5217, CVE-2020-5283, CVE-2020-11055, CVE-2020-15118, CVE-2020-15147, CVE-2020-15188, CVE-2020-15096, CVE-2020-15140, CVE-2020-15094, CVE-2020-3375, CVE-2020-3216, CVE-2020-9380, CVE-2020-10189, CVE-2020-11651, CVE-2020-14508, CVE-2020-14510, CVE-2020-6964, CVE-2020-12000, CVE-2020-3253, CVE-2020-3292, CVE-2020-3403, CVE-2020-10603, CVE-2020-1456, CVE-2020-3240, CVE-2020-12014, CVE-2020-6960, CVE-2019-15243, CVE-2019-2729, CVE-2019-2725, CVE-2019-1031, CVE-2019-1458, CVE-2019-15287, CVE-2019-15959, CVE-2019-18582, CVE-2019-1768, CVE-2019-18581, CVE-2019-1781, CVE-2019-1620, CVE-2019-3723, CVE-2019-1772, CVE-2019-1611, CVE-2019-1790, CVE-2019-1812, CVE-2019-3727, CVE-2019-3719, CVE-2019-3704, CVE-2019-1609, CVE-2019-1612, CVE-2019-1879, CVE-2019-15976, CVE-2019-18234, CVE-2019-15958, CVE-2019-1753, CVE-2019-1942, CVE-2019-15972, CVE-2019-15249, CVE-2018-15444, CVE-2018-10611, CVE-2018-11048, CVE-2018-15776, CVE-2018-15764, CVE-2018-8607, CVE-2018-19007, CVE-2018-18987, CVE-2018-17889, CVE-2017-14323, CVE-2017-18362, CVE-2016-5062, CVE-2015-2945, CVE-2015-6480, CVE-2015-7912, CVE-2014-6293, CVE-2014-4114, CVE-2013-3893, CVE-2012-6498, CVE-2012-4681, CVE-2012-0158, CVE-2010-3888","CWE-79, CWE-79, CWE-79, CWE-22, CWE-80, CWE-78, CWE-78, CWE-917, CWE-732, CWE-20, CWE-73, CWE-79, CWE-434, CWE-74, CWE-79, CWE-79, CWE-79, CWE-74, CWE-502, NVD-CWE-Other, CWE-74, CWE-212, CWE-20, CWE-287, CWE-434, CWE-502, CWE-306, CWE-193, CWE-798, CWE-306, CWE-502, NVD-CWE-Other, CWE-787, CWE-78, CWE-78, CWE-79, CWE-20, CWE-89, CWE-89, CWE-119, CWE-284, CWE-74, CWE-79, NVD-CWE-noinfo, CWE-119, CWE-20, CWE-94, CWE-78, CWE-862, CWE-88, CWE-22, CWE-20, CWE-119, CWE-88, CWE-88, CWE-347, CWE-78, NVD-CWE-noinfo, CWE-78, CWE-88, CWE-78, CWE-78, CWE-798, CWE-89, CWE-20, CWE-20, CWE-89, CWE-89, CWE-119, CWE-611, CWE-287, CWE-611, NVD-CWE-noinfo, NVD-CWE-noinfo, CWE-79, CWE-78, CWE-502, CWE-611, CWE-918, CWE-89, CWE-669, CWE-94, CWE-287, NVD-CWE-Other, CWE-89, CWE-20, CWE-399, NVD-CWE-Other, NVD-CWE-noinfo, CWE-94, NVD-CWE-noinfo"
T1059 ,CVE-2020-11010,CWE-89
T1059.001,CVE-2014-0295,CWE-264
T1059.004,"CVE-2016-9684, CVE-2014-6271, CVE-2014-9938, CVE-2014-7186, CVE-2014-6277, CVE-2012-1795","CWE-77, CWE-78, CWE-116, CWE-119, CWE-78, CWE-78"
T1059.006,CVE-2019-16784,CWE-732
T1059.007,"CVE-2020-5271, CVE-2020-5336, CVE-2020-5340, CVE-2020-5339, CVE-2020-5264, CVE-2020-5266, CVE-2020-11082, CVE-2020-5269, CVE-2020-5270, CVE-2020-11023, CVE-2020-11036, CVE-2020-11030, CVE-2020-3137, CVE-2020-9459, CVE-2020-3233, CVE-2020-3356, CVE-2020-3349, CVE-2020-11901, CVE-2020-11901, CVE-2020-11901, CVE-2020-11901, CVE-2020-3121, CVE-2019-13538, CVE-2019-18571, CVE-2019-1665, CVE-2019-18578, CVE-2019-15994, CVE-2019-3754, CVE-2019-3708, CVE-2019-1838, CVE-2019-15280, CVE-2019-1941, CVE-2018-15393, CVE-2018-11059, CVE-2018-11073, CVE-2018-11075, CVE-2015-6475","CWE-79, CWE-74, CWE-79, CWE-79, CWE-79, CWE-79, CWE-79, CWE-79, CWE-601, CWE-79, CWE-79, CWE-79, CWE-79, CWE-79, CWE-79, CWE-79, CWE-79, CWE-125, CWE-787, CWE-330, CWE-131, CWE-79, CWE-79, CWE-79, CWE-79, CWE-79, CWE-79, CWE-79, CWE-79, CWE-79, CWE-79, CWE-79, CWE-79, CWE-79, CWE-79, CWE-79, CWE-79"
T1066,CVE-2019-10990,CWE-798
T1068,"CVE-2020-1190, CVE-2020-5369, CVE-2020-5362, CVE-2020-0981, CVE-2020-5328, CVE-2020-1027, CVE-2020-5326, CVE-2020-5539, CVE-2020-12659, CVE-2020-10817, CVE-2020-8649, CVE-2020-10751, CVE-2020-8467, CVE-2020-1471, CVE-2020-0636, CVE-2020-5371, CVE-2020-5358, CVE-2020-8835, CVE-2020-1347, CVE-2020-8835, CVE-2020-0758, CVE-2020-12652, CVE-2020-3216, CVE-2020-1111, CVE-2020-12653, CVE-2020-11608, CVE-2020-11651, CVE-2020-5300, CVE-2020-0688, CVE-2020-14510, CVE-2020-6964, CVE-2020-3403, CVE-2020-7004, CVE-2020-3387, CVE-2019-1087, CVE-2019-1086, CVE-2019-1021, CVE-2019-9081, CVE-2019-0708, CVE-2019-1402, CVE-2019-1423, CVE-2019-5954, CVE-2019-0808, CVE-2019-2215, CVE-2019-5786, CVE-2019-15821, CVE-2019-0859, CVE-2019-1214, CVE-2019-1215, CVE-2019-1764, CVE-2019-1889, CVE-2019-3798, CVE-2019-3780, CVE-2019-1611, CVE-2019-1915, CVE-2019-3735, CVE-2019-1790, CVE-2019-3704, CVE-2019-3727, CVE-2019-1609, CVE-2019-1612, CVE-2019-1876, CVE-2019-1879, CVE-2019-1863, CVE-2019-15976, CVE-2019-1753, CVE-2019-16784, CVE-2018-19830, CVE-2018-19831, CVE-2018-9862, CVE-2018-9488, CVE-2018-11776, CVE-2018-5463, CVE-2018-8599, CVE-2018-8575, CVE-2018-11060, CVE-2018-15758, CVE-2018-15774, CVE-2018-11088, CVE-2018-15761, CVE-2018-15797, CVE-2018-15782, CVE-2018-17908, CVE-2018-7500, CVE-2018-10636, CVE-2017-15211, CVE-2017-0263, CVE-2017-1274, CVE-2017-7533, CVE-2017-5638, CVE-2017-13289, CVE-2017-0213, CVE-2016-6367, CVE-2016-5195, CVE-2015-1805, CVE-2015-1494, CVE-2015-7910, CVE-2015-7910, CVE-2015-2387, CVE-2015-2360, CVE-2015-0016, CVE-2015-2945, CVE-2015-1701, CVE-2015-1769, CVE-2014-4148, CVE-2014-0322, CVE-2014-4113, CVE-2014-1807, CVE-2014-6324, CVE-2014-4114, CVE-2013-0707, CVE-2013-5065, CVE-2013-0640, CVE-2012-4681, CVE-2012-0181, CVE-2011-1331, CVE-2010-1592, CVE-2010-2884, CVE-2010-2743, CVE-2009-1612, CVE-2008-0655, CVE-2008-4996","NVD-CWE-noinfo, CWE-732, CWE-862, CWE-863, CWE-306, NVD-CWE-noinfo, CWE-306, CWE-639, CWE-787, CWE-89, CWE-416, CWE-349, NVD-CWE-noinfo, NVD-CWE-noinfo, NVD-CWE-noinfo, CWE-732, CWE-732, CWE-787, NVD-CWE-noinfo, CWE-125, NVD-CWE-noinfo, CWE-362, CWE-287, NVD-CWE-noinfo, CWE-787, CWE-476, CWE-306, CWE-294, CWE-798, CWE-798, CWE-306, CWE-78, CWE-276, CWE-20, NVD-CWE-noinfo, NVD-CWE-noinfo, NVD-CWE-noinfo, CWE-502, CWE-416, CWE-200, CWE-59, NVD-CWE-noinfo, NVD-CWE-noinfo, CWE-416, CWE-416, NVD-CWE-noinfo, NVD-CWE-noinfo, NVD-CWE-noinfo, NVD-CWE-noinfo, CWE-352, CWE-20, CWE-287, CWE-522, CWE-88, CWE-352, CWE-269, CWE-88, CWE-78, CWE-78, CWE-88, CWE-78, CWE-306, CWE-78, NVD-CWE-Other, CWE-798, CWE-20, CWE-732, CWE-862, CWE-287, CWE-838, CWE-863, CWE-20, CWE-119, CWE-273, NVD-CWE-noinfo, NVD-CWE-noinfo, NVD-CWE-noinfo, CWE-863, NVD-CWE-noinfo, NVD-CWE-noinfo, CWE-532, CWE-22, CWE-284, NVD-CWE-noinfo, CWE-787, CWE-639, CWE-416, CWE-119, CWE-362, CWE-20, CWE-131, NVD-CWE-noinfo, NVD-CWE-Other, CWE-362, CWE-17, CWE-79, CWE-200, CWE-284, CWE-264, CWE-119, CWE-22, CWE-94, CWE-264, CWE-264, CWE-94, CWE-416, CWE-264, CWE-264, CWE-264, CWE-20, NVD-CWE-noinfo, CWE-20, NVD-CWE-noinfo, NVD-CWE-noinfo, CWE-264, CWE-119, CWE-20, NVD-CWE-noinfo, NVD-CWE-Other, CWE-119, NVD-CWE-noinfo, CWE-59"
T1068 ,"CVE-2020-15182, CVE-2020-15182","CWE-22, CWE-352"
T1078,"CVE-2020-11035, CVE-2020-15093, CVE-2020-15100, CVE-2020-3477, CVE-2020-3379, CVE-2020-3476, CVE-2020-3253, CVE-2020-3292, CVE-2020-3403, CVE-2020-3513, CVE-2020-3416, CVE-2019-1889, CVE-2019-15998, CVE-2019-3787, CVE-2019-1768, CVE-2019-1781, CVE-2019-15963, CVE-2019-1794, CVE-2019-1790, CVE-2019-1611, CVE-2019-3735, CVE-2019-1812, CVE-2019-3790, CVE-2019-3704, CVE-2019-1609, CVE-2019-1715, CVE-2019-1612, CVE-2019-6563, CVE-2019-15972, CVE-2019-1879, CVE-2019-1942, CVE-2019-15243, CVE-2019-15956, CVE-2019-12660, CVE-2019-1753, CVE-2019-1863, CVE-2019-15249, CVE-2019-15288, CVE-2018-14847, CVE-2018-15800, CVE-2018-15761, CVE-2018-11045, CVE-2018-15795, CVE-2017-11368, CVE-2017-13289, CVE-2016-5645, CVE-2013-0629, CVE-2013-0640","CWE-327, CWE-347, CWE-770, CWE-863, CWE-20, CWE-552, NVD-CWE-Other, CWE-787, CWE-78, CWE-94, CWE-94, CWE-20, CWE-862, CWE-640, CWE-78, CWE-88, NVD-CWE-noinfo, CWE-427, CWE-88, CWE-88, CWE-269, CWE-347, CWE-613, CWE-78, CWE-88, CWE-332, CWE-78, CWE-916, CWE-89, CWE-78, CWE-89, CWE-119, NVD-CWE-Other, CWE-668, CWE-20, NVD-CWE-Other, CWE-119, CWE-20, CWE-22, CWE-200, NVD-CWE-noinfo, CWE-330, CWE-338, CWE-617, CWE-131, CWE-284, CWE-264, NVD-CWE-noinfo"
T1078 ,"CVE-2020-15105, CVE-2019-6549, CVE-2019-3763, CVE-2018-17900","CWE-312, CWE-522, CWE-532, CWE-522"
T1078.001,"CVE-2020-5231, CVE-2020-5365, CVE-2020-5374, CVE-2020-14510, CVE-2020-5364, CVE-2019-10990, CVE-2018-11062, CVE-2018-15771, CVE-2018-10633","CWE-276, CWE-330, CWE-798, CWE-798, CWE-200, CWE-798, CWE-798, CWE-200, CWE-798"
T1078.003,CVE-2011-3172,CWE-264
T1080,CVE-2020-3126,CWE-20
T1083,"CVE-2019-3396, CVE-2019-11510, CVE-2018-10590, CVE-2017-12637, CVE-2017-6922, CVE-2016-3298, CVE-2013-0629, CVE-2013-1904","CWE-22, CWE-22, CWE-538, CWE-22, CWE-552, CWE-200, CWE-264, CWE-22"
T1087,CVE-2013-6129,CWE-264
T1091,"CVE-2020-4068, CVE-2020-12024, CVE-2020-3198, CVE-2020-7456, CVE-2020-12464, CVE-2020-15393, CVE-2020-9804, CVE-2019-15959, CVE-2018-15376, CVE-2015-1769","CWE-122, NVD-CWE-Other, CWE-787, CWE-119, CWE-416, CWE-401, NVD-CWE-noinfo, CWE-20, CWE-123, CWE-264"
T1098,"CVE-2020-5362, CVE-2020-5350, CVE-2020-0758, CVE-2019-3775, CVE-2019-3787, CVE-2019-3782, CVE-2019-1915, CVE-2019-15956","CWE-862, CWE-78, NVD-CWE-noinfo, CWE-287, CWE-640, CWE-522, CWE-352, NVD-CWE-Other"
T1105,"CVE-2019-1689, CVE-2019-1620","CWE-20, CWE-22"
T1110,"CVE-2020-5365, CVE-2020-11035, CVE-2020-15093, CVE-2020-11957, CVE-2019-18263, CVE-2019-11219, CVE-2019-19735, CVE-2019-1715, CVE-2019-6563, CVE-2019-16782, CVE-2018-12520, CVE-2018-1956, CVE-2018-11069, CVE-2018-15800, CVE-2018-8160, CVE-2018-11045, CVE-2018-15795","CWE-330, CWE-327, CWE-347, CWE-331, CWE-326, CWE-330, CWE-916, CWE-332, CWE-916, CWE-203, CWE-335, CWE-521, CWE-327, CWE-200, CWE-200, CWE-330, CWE-338"
T1110.001,CVE-2019-18872,CWE-521
T1114.001,CVE-2020-9819,CWE-787
T1133,"CVE-2020-11010, CVE-2020-15143, CVE-2020-12029, CVE-2020-5295, CVE-2020-5225, CVE-2020-15109, CVE-2020-4068, CVE-2020-15147, CVE-2020-15188, CVE-2020-15140, CVE-2020-12000, CVE-2020-10603, CVE-2020-3309, CVE-2020-3198, CVE-2020-3240, CVE-2020-3387, CVE-2020-3237, CVE-2019-11708, CVE-2019-18234, CVE-2019-11510, CVE-2019-15821, CVE-2019-15998, CVE-2019-1836, CVE-2019-1612, CVE-2019-1942, CVE-2019-15972, CVE-2019-15288, CVE-2018-15444, CVE-2018-7506, CVE-2018-19007, CVE-2018-11048, CVE-2016-5180, CVE-2016-6367, CVE-2015-7935, CVE-2014-0751, CVE-2014-9938, CVE-2012-5958, CVE-2010-2772","CWE-89, CWE-917, CWE-20, CWE-98, CWE-532, CWE-862, CWE-122, CWE-74, CWE-502, CWE-74, CWE-502, CWE-78, CWE-787, CWE-787, CWE-20, CWE-20, CWE-59, CWE-20, CWE-89, CWE-22, NVD-CWE-noinfo, CWE-862, CWE-59, CWE-78, CWE-89, CWE-89, CWE-20, CWE-611, CWE-200, CWE-78, CWE-611, CWE-787, NVD-CWE-Other, CWE-200, CWE-22, CWE-116, CWE-119, CWE-255"
T1133 ,CVE-2020-15189,CWE-434
T1134,CVE-2020-0981,CWE-863
T1134.001,CVE-2016-7256,CWE-284
T1134.001.,CVE-2015-1701,CWE-264
T1136,"CVE-2020-5231, CVE-2020-1569, CVE-2020-16874, CVE-2020-1109, CVE-2020-1495, CVE-2020-1111, CVE-2020-0671, CVE-2020-11010, CVE-2019-1118, CVE-2019-0609, CVE-2019-15821, CVE-2019-3758, CVE-2019-3798, CVE-2019-18234, CVE-2018-8248, CVE-2018-8111, CVE-2018-8575, CVE-2018-8353, CVE-2018-8355, CVE-2018-8110, CVE-2015-4051, CVE-2014-4148, CVE-2013-6129","CWE-276, CWE-787, NVD-CWE-noinfo, NVD-CWE-noinfo, NVD-CWE-noinfo, NVD-CWE-noinfo, NVD-CWE-noinfo, CWE-89, NVD-CWE-noinfo, CWE-787, NVD-CWE-noinfo, CWE-521, CWE-287, CWE-89, NVD-CWE-noinfo, CWE-787, NVD-CWE-noinfo, CWE-416, CWE-787, CWE-787, CWE-284, CWE-94, CWE-264"
T1149,CVE-2019-15821,NVD-CWE-noinfo
T1185,"CVE-2020-15179, CVE-2020-15183, CVE-2020-15162, CVE-2020-5267, CVE-2020-11083, CVE-2020-5340, CVE-2020-5241, CVE-2020-5339, CVE-2020-5217, CVE-2020-5283, CVE-2020-11055, CVE-2020-15118, CVE-2020-11036, CVE-2020-3460, CVE-2019-13538, CVE-2019-18571, CVE-2019-18578, CVE-2019-3708, CVE-2018-11073, CVE-2018-11059, CVE-2018-11075, CVE-2015-6475, CVE-2011-3056","CWE-79, CWE-79, CWE-79, CWE-80, CWE-79, CWE-79, CWE-79, CWE-79, CWE-74, CWE-79, CWE-79, CWE-79, CWE-79, CWE-79, CWE-79, CWE-79, CWE-79, CWE-79, CWE-79, CWE-79, CWE-79, CWE-79, CWE-346"
T1189,"CVE-2020-5340, CVE-2020-6820, CVE-2020-6820, CVE-2020-5339, CVE-2020-11054, CVE-2020-5266, CVE-2020-4068, CVE-2020-5290, CVE-2020-11036, CVE-2020-6819, CVE-2020-6819, CVE-2020-10257, CVE-2020-10257, CVE-2020-3198, CVE-2020-6418, CVE-2020-6418, CVE-2020-5902, CVE-2020-5902, CVE-2020-13125, CVE-2020-11901, CVE-2020-11901, CVE-2020-11901, CVE-2020-11901, CVE-2019-1118, CVE-2019-0911, CVE-2019-7286, CVE-2019-11886, CVE-2019-13720, CVE-2019-13720, CVE-2019-17026, CVE-2019-18935, CVE-2019-1106, CVE-2019-0926, CVE-2019-1052, CVE-2019-9978, CVE-2019-1943, CVE-2019-18578, CVE-2019-15974, CVE-2019-15276, CVE-2019-1915, CVE-2019-15280, CVE-2018-9206, CVE-2018-8174, CVE-2018-8120, CVE-2018-0798, CVE-2018-0802, CVE-2018-8248, CVE-2018-8355, CVE-2018-11073, CVE-2018-11059, CVE-2017-0149, CVE-2017-0222, CVE-2017-15919, CVE-2017-0022, CVE-2016-3714, CVE-2016-3298, CVE-2016-7256, CVE-2016-0034, CVE-2016-3393, CVE-2016-1409, CVE-2016-7189, CVE-2016-9079, CVE-2016-4656, CVE-2015-5123, CVE-2015-2419, CVE-2015-2502, CVE-2015-7756, CVE-2015-2590, CVE-2015-2425, CVE-2015-1641, CVE-2015-0071, CVE-2015-2424, CVE-2015-2426, CVE-2014-1776, CVE-2014-0266, CVE-2014-4123, CVE-2014-1815, CVE-2014-6332, CVE-2014-7187, CVE-2014-0307, CVE-2014-0307, CVE-2014-0324, CVE-2014-2817, CVE-2013-0707, CVE-2013-5211, CVE-2013-2471, CVE-2013-1493, CVE-2013-0625, CVE-2013-0422, CVE-2013-2465, CVE-2013-3918, CVE-2013-2423, CVE-2012-3213, CVE-2012-0158, CVE-2012-4681, CVE-2012-2539, CVE-2011-3544, CVE-2011-3402, CVE-2010-1885, CVE-2010-3971, CVE-2010-1423, CVE-2010-1165, CVE-2009-3459, CVE-2009-1862, CVE-2009-1136, CVE-2009-1807, CVE-2009-1151","CWE-79, CWE-362, CWE-416, CWE-79, CWE-684, CWE-79, CWE-122, CWE-384, CWE-79, CWE-787, CWE-416, CWE-862, CWE-94, CWE-787, CWE-787, CWE-843, CWE-22, CWE-829, NVD-CWE-noinfo, CWE-787, CWE-125, CWE-330, CWE-131, NVD-CWE-noinfo, CWE-787, CWE-787, CWE-352, CWE-416, CWE-787, CWE-843, CWE-502, CWE-787, CWE-787, CWE-787, CWE-79, CWE-601, CWE-79, CWE-20, CWE-20, CWE-352, CWE-79, CWE-434, CWE-787, CWE-404, CWE-787, CWE-787, NVD-CWE-noinfo, CWE-787, CWE-79, CWE-79, CWE-119, CWE-119, CWE-89, CWE-200, CWE-20, CWE-200, CWE-284, CWE-20, CWE-284, CWE-20, CWE-119, CWE-416, CWE-264, CWE-416, CWE-119, CWE-119, CWE-310, NVD-CWE-noinfo, CWE-119, CWE-399, CWE-264, CWE-119, CWE-119, CWE-416, CWE-200, CWE-264, CWE-119, CWE-119, CWE-119, CWE-416, CWE-119, CWE-119, CWE-264, NVD-CWE-noinfo, CWE-20, NVD-CWE-noinfo, CWE-119, CWE-255, CWE-264, NVD-CWE-noinfo, CWE-119, NVD-CWE-noinfo, NVD-CWE-noinfo, CWE-94, NVD-CWE-noinfo, CWE-399, NVD-CWE-noinfo, NVD-CWE-noinfo, CWE-78, CWE-399, CWE-78, CWE-94, CWE-119, CWE-94, CWE-94, NVD-CWE-noinfo, CWE-94"
T1190,"CVE-2020-6964, CVE-2020-5279, CVE-2020-5366, CVE-2020-5373, CVE-2020-5345, CVE-2020-11652, CVE-2020-15170, CVE-2020-11050, CVE-2020-11078, CVE-2020-5252, CVE-2020-11054, CVE-2020-5225, CVE-2020-15109, CVE-2020-4068, CVE-2020-11013, CVE-2020-5220, CVE-2020-15211, CVE-2020-15211, CVE-2020-11021, CVE-2020-15096, CVE-2020-5254, CVE-2020-11010, CVE-2020-3306, CVE-2020-3312, CVE-2020-3375, CVE-2020-1025, CVE-2020-9380, CVE-2020-10189, CVE-2020-9459, CVE-2020-13126, CVE-2020-11897, CVE-2020-11896, CVE-2020-11896, CVE-2020-11738, CVE-2020-14508, CVE-2020-6993, CVE-2020-2883, CVE-2020-0601, CVE-2020-3292, CVE-2020-3177, CVE-2020-3309, CVE-2020-3198, CVE-2020-3510, CVE-2020-3397, CVE-2020-3133, CVE-2020-3244, CVE-2020-3409, CVE-2020-3126, CVE-2020-3387, CVE-2020-6974, CVE-2020-3407, CVE-2019-2729, CVE-2019-2725, CVE-2019-11708, CVE-2019-8540, CVE-2019-0604, CVE-2019-5910, CVE-2019-0880, CVE-2019-10973, CVE-2019-1132, CVE-2019-15107, CVE-2019-16759, CVE-2019-6703, CVE-2019-3396, CVE-2019-10149, CVE-2019-15243, CVE-2019-11219, CVE-2019-1458, CVE-2019-3799, CVE-2019-3758, CVE-2019-1817, CVE-2019-15276, CVE-2019-3723, CVE-2019-3732, CVE-2019-1704, CVE-2019-1746, CVE-2019-1915, CVE-2019-15289, CVE-2019-1594, CVE-2019-12696, CVE-2019-1876, CVE-2019-18234, CVE-2019-3731, CVE-2019-3706, CVE-2019-15976, CVE-2019-15956, CVE-2019-15958, CVE-2019-1753, CVE-2019-1863, CVE-2019-15249, CVE-2019-3707, CVE-2019-16784, CVE-2019-16760, CVE-2018-15462, CVE-2018-20062, CVE-2018-15392, CVE-2018-8611, CVE-2018-7602, CVE-2018-7600, CVE-2018-2893, CVE-2018-2628, CVE-2018-1000861, CVE-2018-0101, CVE-2018-15961, CVE-2018-2894, CVE-2018-19207, CVE-2018-8414, CVE-2018-10611, CVE-2018-15397, CVE-2018-7496, CVE-2018-15776, CVE-2018-15764, CVE-2018-15758, CVE-2018-15780, CVE-2018-11051, CVE-2018-8431, CVE-2018-19010, CVE-2018-10590, CVE-2018-14781, CVE-2017-12637, CVE-2017-18362, CVE-2017-10271, CVE-2017-1001000, CVE-2017-16651, CVE-2017-0005, CVE-2017-0199, CVE-2017-11774, CVE-2017-3066, CVE-2017-3881, CVE-2017-8291, CVE-2017-9841, CVE-2016-5062, CVE-2016-3088, CVE-2016-6909, CVE-2016-9684, CVE-2016-6366, CVE-2016-9192, CVE-2015-0072, CVE-2015-4902, CVE-2015-0984, CVE-2015-6480, CVE-2015-1539, CVE-2015-8562, CVE-2015-7912, CVE-2014-5279, CVE-2014-4148, CVE-2014-1809, CVE-2014-0050, CVE-2014-6293, CVE-2014-6287, CVE-2014-6120, CVE-2014-8551, CVE-2014-0751, CVE-2014-7235, CVE-2014-1761, CVE-2014-3413, CVE-2014-0295, CVE-2014-7186, CVE-2014-6277, CVE-2014-6271, CVE-2014-6278, CVE-2013-6129, CVE-2013-5576, CVE-2013-0641, CVE-2013-0632, CVE-2013-0631, CVE-2013-0640, CVE-2013-1904, CVE-2013-3900, CVE-2013-4335, CVE-2013-1289, CVE-2013-5057, CVE-2013-7102, CVE-2013-7372, CVE-2012-6498, CVE-2012-1795, CVE-2012-0158, CVE-2012-1675, CVE-2012-6081, CVE-2012-1557, CVE-2012-1723, CVE-2012-2520, CVE-2012-0874, CVE-2012-3015, CVE-2011-4862, CVE-2011-1331, CVE-2011-2900, CVE-2011-0096, CVE-2011-4106, CVE-2010-3765, CVE-2010-2772, CVE-2010-3888, CVE-2010-3916, CVE-2010-3653, CVE-2010-0817, CVE-2010-5326, CVE-2009-2265, CVE-2009-1308, CVE-2009-3041","CWE-306, CWE-863, CWE-22, CWE-306, CWE-862, CWE-22, NVD-CWE-Other, CWE-295, CWE-93, NVD-CWE-noinfo, CWE-684, CWE-532, CWE-862, CWE-122, CWE-200, CWE-200, CWE-787, CWE-125, NVD-CWE-noinfo, NVD-CWE-Other, CWE-119, CWE-89, CWE-400, CWE-732, CWE-20, CWE-20, CWE-434, CWE-502, CWE-79, CWE-434, CWE-787, CWE-119, CWE-787, CWE-22, CWE-193, CWE-200, NVD-CWE-noinfo, CWE-295, CWE-787, CWE-22, CWE-787, CWE-787, CWE-400, CWE-20, CWE-20, CWE-20, CWE-400, CWE-20, CWE-20, CWE-22, CWE-476, CWE-284, CWE-74, CWE-20, CWE-665, CWE-20, CWE-22, NVD-CWE-noinfo, CWE-20, NVD-CWE-noinfo, CWE-78, CWE-94, NVD-CWE-noinfo, CWE-22, CWE-78, CWE-119, CWE-330, NVD-CWE-noinfo, CWE-22, CWE-521, CWE-20, CWE-20, CWE-20, CWE-203, CWE-400, CWE-20, CWE-352, CWE-20, CWE-20, NVD-CWE-Other, CWE-306, CWE-89, CWE-203, NVD-CWE-noinfo, CWE-798, NVD-CWE-Other, CWE-20, CWE-20, NVD-CWE-Other, CWE-119, NVD-CWE-noinfo, CWE-732, CWE-494, CWE-770, CWE-20, NVD-CWE-noinfo, CWE-404, NVD-CWE-noinfo, CWE-20, NVD-CWE-noinfo, CWE-502, CWE-502, CWE-415, CWE-434, NVD-CWE-noinfo, CWE-425, CWE-20, CWE-287, NVD-CWE-noinfo, CWE-200, NVD-CWE-noinfo, NVD-CWE-noinfo, NVD-CWE-noinfo, NVD-CWE-noinfo, CWE-22, CWE-79, CWE-20, CWE-538, CWE-287, CWE-22, CWE-89, NVD-CWE-noinfo, NVD-CWE-noinfo, CWE-552, CWE-119, NVD-CWE-noinfo, CWE-119, CWE-502, CWE-20, CWE-704, CWE-94, CWE-669, CWE-20, CWE-119, CWE-77, CWE-119, CWE-264, CWE-79, NVD-CWE-noinfo, CWE-22, CWE-287, CWE-189, CWE-20, NVD-CWE-Other, CWE-284, CWE-94, CWE-264, CWE-264, CWE-89, CWE-94, CWE-77, CWE-94, CWE-22, CWE-94, CWE-119, CWE-798, CWE-264, CWE-119, CWE-78, CWE-78, CWE-78, CWE-264, CWE-20, NVD-CWE-noinfo, CWE-200, CWE-200, NVD-CWE-noinfo, CWE-22, CWE-20, CWE-776, CWE-79, CWE-264, CWE-20, CWE-310, NVD-CWE-Other, CWE-78, CWE-94, CWE-264, NVD-CWE-Other, CWE-89, NVD-CWE-noinfo, CWE-79, CWE-287, NVD-CWE-Other, CWE-120, CWE-119, CWE-119, CWE-79, CWE-20, CWE-119, CWE-255, NVD-CWE-noinfo, NVD-CWE-noinfo, CWE-119, CWE-79, NVD-CWE-noinfo, CWE-22, CWE-79, CWE-264"
T1190 ,"CVE-2020-15137, CVE-2020-5261","CWE-190, CWE-294"
T1200,"CVE-2019-9019, CVE-2019-3717","CWE-119, NVD-CWE-noinfo"
T1202,"CVE-2019-1270, CVE-2018-17934, CVE-2018-10589, CVE-2013-3893","CWE-59, CWE-22, CWE-22, CWE-399"
T1203,"CVE-2020-9818, CVE-2020-1631, CVE-2020-1350, CVE-2020-1350, CVE-2020-0938, CVE-2020-6819, CVE-2020-6819, CVE-2020-10257, CVE-2020-10257, CVE-2020-13126, CVE-2020-11897, CVE-2020-11896, CVE-2020-11896, CVE-2020-2883, CVE-2020-1020, CVE-2020-0601, CVE-2020-6418, CVE-2020-6418, CVE-2020-5902, CVE-2020-7456, CVE-2020-12464, CVE-2020-11901, CVE-2020-11901, CVE-2020-11901, CVE-2020-13125, CVE-2020-11901, CVE-2020-5902, CVE-2019-9019, CVE-2019-11886, CVE-2019-13720, CVE-2019-13720, CVE-2019-17026, CVE-2019-18935, CVE-2019-9791, CVE-2019-1579, CVE-2019-11932, CVE-2019-6340, CVE-2019-9081, CVE-2019-0903, CVE-2019-13527, CVE-2019-13541, CVE-2019-13510, CVE-2019-3396, CVE-2019-10149, CVE-2019-0803, CVE-2019-7286, CVE-2019-1106, CVE-2019-1035, CVE-2019-0926, CVE-2019-1052, CVE-2019-10980, CVE-2018-10376, CVE-2018-9206, CVE-2018-8174, CVE-2018-8120, CVE-2018-20062, CVE-2018-18956, CVE-2018-20250, CVE-2018-0798, CVE-2018-20838, CVE-2018-7513, CVE-2018-8589, CVE-2018-8833, CVE-2018-5454, CVE-2018-17934, CVE-2017-11847, CVE-2017-0149, CVE-2017-8759, CVE-2017-0222, CVE-2017-10271, CVE-2017-5613, CVE-2017-2404, CVE-2017-12824, CVE-2017-5638, CVE-2017-15919, CVE-2017-0262, CVE-2017-0261, CVE-2017-8570, CVE-2017-11882, CVE-2017-8464, CVE-2017-11826, CVE-2016-0034, CVE-2016-3393, CVE-2016-6366, CVE-2016-3714, CVE-2016-5180, CVE-2016-7256, CVE-2016-2208, CVE-2016-9299, CVE-2016-7193, CVE-2016-1409, CVE-2016-7189, CVE-2016-9079, CVE-2016-4656, CVE-2016-6909, CVE-2015-2509, CVE-2015-1642, CVE-2015-2502, CVE-2015-6585, CVE-2015-0096, CVE-2015-2419, CVE-2015-3864, CVE-2015-1494, CVE-2015-5123, CVE-2015-2590, CVE-2015-7756, CVE-2015-1641, CVE-2015-2425, CVE-2015-0071, CVE-2015-2426, CVE-2014-1776, CVE-2014-0266, CVE-2014-4123, CVE-2014-6352, CVE-2014-7247, CVE-2014-7187, CVE-2014-0810, CVE-2014-0593, CVE-2014-5334, CVE-2014-7169, CVE-2014-1815, CVE-2014-6332, CVE-2014-0307, CVE-2014-0307, CVE-2014-6278, CVE-2014-0324, CVE-2014-2817, CVE-2013-5211, CVE-2013-3906, CVE-2013-0707, CVE-2013-2471, CVE-2013-1493, CVE-2013-0625, CVE-2013-0422, CVE-2013-3893, CVE-2013-3918, CVE-2013-2423, CVE-2013-2465, CVE-2013-3163, CVE-2013-3897, CVE-2013-1331, CVE-2013-3644, CVE-2012-3213, CVE-2012-1856, CVE-2012-6467, CVE-2012-2311, CVE-2012-5958, CVE-2011-3544, CVE-2011-3192, CVE-2011-3402, CVE-2011-2005, CVE-2010-1297, CVE-2010-2568, CVE-2010-0842, CVE-2010-0480, CVE-2010-4398, CVE-2010-2152, CVE-2010-2862, CVE-2010-0028, CVE-2010-1885, CVE-2010-0840, CVE-2010-3971, CVE-2010-1424, CVE-2010-1423, CVE-2010-1165, CVE-2010-3915, CVE-2010-3333, CVE-2010-5326, CVE-2009-4324, CVE-2009-3129, CVE-2009-0927, CVE-2009-3459, CVE-2009-0556, CVE-2009-1136, CVE-2009-0824, CVE-2009-1671, CVE-2009-1800, CVE-2009-3041, CVE-2009-1151, CVE-2009-1862, CVE-2009-1807, CVE-2008-2992","CWE-787, CWE-22, CWE-787, CWE-190, CWE-787, CWE-787, CWE-416, CWE-94, CWE-862, CWE-434, CWE-787, CWE-119, CWE-787, NVD-CWE-noinfo, NVD-CWE-noinfo, CWE-295, CWE-787, CWE-843, CWE-22, CWE-119, CWE-416, CWE-787, CWE-330, CWE-131, NVD-CWE-noinfo, CWE-125, CWE-829, CWE-119, CWE-352, CWE-416, CWE-787, CWE-843, CWE-502, CWE-843, CWE-134, CWE-415, CWE-502, CWE-502, NVD-CWE-noinfo, CWE-824, CWE-787, CWE-416, CWE-22, CWE-78, NVD-CWE-noinfo, CWE-787, CWE-787, NVD-CWE-noinfo, CWE-787, CWE-787, CWE-843, CWE-190, CWE-434, CWE-787, CWE-404, CWE-20, CWE-119, CWE-22, CWE-787, CWE-79, CWE-787, NVD-CWE-noinfo, CWE-787, NVD-CWE-noinfo, CWE-22, NVD-CWE-noinfo, CWE-119, CWE-20, CWE-119, NVD-CWE-noinfo, CWE-134, NVD-CWE-noinfo, CWE-119, CWE-20, CWE-89, NVD-CWE-noinfo, CWE-416, NVD-CWE-noinfo, CWE-119, NVD-CWE-noinfo, CWE-119, CWE-20, CWE-284, CWE-119, CWE-20, CWE-787, CWE-284, CWE-399, CWE-90, CWE-119, CWE-20, CWE-119, CWE-416, CWE-264, CWE-119, CWE-284, CWE-119, CWE-119, CWE-119, CWE-426, CWE-119, CWE-189, CWE-79, CWE-416, NVD-CWE-noinfo, CWE-310, CWE-399, CWE-119, CWE-264, CWE-119, CWE-416, CWE-200, CWE-264, CWE-94, CWE-19, CWE-119, NVD-CWE-noinfo, CWE-20, CWE-254, CWE-78, CWE-119, CWE-119, CWE-416, CWE-119, CWE-78, CWE-119, CWE-264, CWE-20, CWE-94, NVD-CWE-noinfo, NVD-CWE-noinfo, CWE-119, CWE-255, CWE-264, CWE-399, CWE-119, NVD-CWE-noinfo, NVD-CWE-noinfo, CWE-94, CWE-399, CWE-119, NVD-CWE-noinfo, NVD-CWE-noinfo, CWE-94, NVD-CWE-noinfo, CWE-89, CWE-119, NVD-CWE-noinfo, CWE-399, NVD-CWE-noinfo, CWE-264, NVD-CWE-noinfo, CWE-20, NVD-CWE-noinfo, CWE-119, CWE-119, NVD-CWE-noinfo, CWE-189, CWE-189, CWE-78, NVD-CWE-noinfo, CWE-399, NVD-CWE-noinfo, CWE-78, CWE-94, NVD-CWE-noinfo, CWE-119, NVD-CWE-noinfo, CWE-399, CWE-94, CWE-20, CWE-119, CWE-94, CWE-94, CWE-119, CWE-119, CWE-119, CWE-264, CWE-94, CWE-94, NVD-CWE-noinfo, CWE-119"
T1204,CVE-2017-14487,CWE-290
T1204.001,"CVE-2020-5271, CVE-2020-5336, CVE-2020-5264, CVE-2020-15182, CVE-2020-15182, CVE-2020-11082, CVE-2020-11023, CVE-2020-11030, CVE-2020-5269, CVE-2020-3137, CVE-2020-3233, CVE-2020-3356, CVE-2020-3349, CVE-2020-3121, CVE-2020-12038, CVE-2019-1764, CVE-2019-15994, CVE-2019-1665, CVE-2019-1857, CVE-2019-3754, CVE-2019-13511, CVE-2019-16009, CVE-2019-1838, CVE-2019-1941, CVE-2019-3708, CVE-2018-15401, CVE-2018-15393, CVE-2016-3714, CVE-2015-0071","CWE-79, CWE-74, CWE-79, CWE-22, CWE-352, CWE-79, CWE-79, CWE-79, CWE-79, CWE-79, CWE-79, CWE-79, CWE-79, CWE-79, CWE-787, CWE-352, CWE-79, CWE-79, CWE-352, CWE-79, CWE-416, CWE-352, CWE-79, CWE-79, CWE-79, CWE-352, CWE-79, CWE-20, CWE-264"
T1204.001.,CVE-2015-7925,CWE-352
T1204.002,"CVE-2020-11073, CVE-2020-1569, CVE-2020-16874, CVE-2020-4068, CVE-2020-1495, CVE-2020-16211, CVE-2020-3322, CVE-2020-3198, CVE-2020-13125, CVE-2020-3440, CVE-2020-3126, CVE-2019-1118, CVE-2019-0576, CVE-2019-0911, CVE-2019-13522, CVE-2019-13527, CVE-2019-13541, CVE-2019-1035, CVE-2019-0609, CVE-2019-1013, CVE-2019-15287, CVE-2019-18571, CVE-2019-1915, CVE-2019-3719, CVE-2019-12696, CVE-2019-1772, CVE-2018-15376, CVE-2018-20250, CVE-2018-8248, CVE-2018-8111, CVE-2018-8355, CVE-2018-8353, CVE-2018-8110, CVE-2018-8575, CVE-2018-11075, CVE-2018-8835, CVE-2018-15782, CVE-2017-11826, CVE-2017-0261, CVE-2017-8570, CVE-2017-0262, CVE-2017-11882, CVE-2017-8464, CVE-2016-7193, CVE-2015-6585, CVE-2015-1642, CVE-2015-2509, CVE-2015-0096, CVE-2014-7187, CVE-2014-7247, CVE-2014-4123, CVE-2014-6352, CVE-2014-0810, CVE-2014-0266, CVE-2013-1331, CVE-2013-3644, CVE-2010-0028, CVE-2010-2862, CVE-2010-1424, CVE-2010-0840, CVE-2010-3915, CVE-2010-3333, CVE-2010-1885, CVE-2009-0927, CVE-2009-0556, CVE-2009-3459, CVE-2009-4324, CVE-2009-3129","CWE-22, CWE-787, NVD-CWE-noinfo, CWE-122, NVD-CWE-noinfo, CWE-125, CWE-20, CWE-787, NVD-CWE-noinfo, CWE-22, CWE-20, NVD-CWE-noinfo, NVD-CWE-noinfo, CWE-787, CWE-787, CWE-824, CWE-787, NVD-CWE-noinfo, CWE-787, CWE-200, CWE-119, CWE-79, CWE-352, NVD-CWE-noinfo, NVD-CWE-Other, CWE-119, CWE-123, CWE-22, NVD-CWE-noinfo, CWE-787, CWE-787, CWE-416, CWE-787, NVD-CWE-noinfo, CWE-79, CWE-415, CWE-22, CWE-119, CWE-416, NVD-CWE-noinfo, NVD-CWE-noinfo, CWE-119, NVD-CWE-noinfo, CWE-119, CWE-119, CWE-119, CWE-284, CWE-426, CWE-119, CWE-19, CWE-264, CWE-94, NVD-CWE-noinfo, CWE-200, CWE-119, NVD-CWE-noinfo, CWE-189, CWE-189, NVD-CWE-noinfo, NVD-CWE-noinfo, NVD-CWE-noinfo, CWE-119, CWE-78, CWE-20, CWE-94, CWE-119, CWE-399, CWE-94"
T1210,"CVE-2020-1206, CVE-2018-8414, CVE-2017-14323, CVE-2017-8543, CVE-2017-0176, CVE-2014-0751, CVE-2010-2729, CVE-2008-4250","CWE-908, CWE-20, CWE-918, CWE-281, CWE-120, CWE-22, CWE-20, CWE-94"
T1211,"CVE-2020-1141, CVE-2020-10817, CVE-2020-11019, CVE-2020-11087, CVE-2020-8468, CVE-2020-3244, CVE-2019-11708, CVE-2019-5786, CVE-2018-6112, CVE-2018-0560, CVE-2018-7496, CVE-2018-8337, CVE-2018-16179, CVE-2017-6922, CVE-2017-0213, CVE-2015-7755, CVE-2015-1494, CVE-2014-4114, CVE-2014-0751, CVE-2013-7246","NVD-CWE-noinfo, CWE-89, CWE-125, CWE-125, CWE-494, CWE-20, CWE-20, CWE-416, CWE-706, CWE-20, CWE-200, CWE-178, CWE-295, CWE-552, NVD-CWE-noinfo, CWE-287, CWE-79, CWE-20, CWE-22, CWE-119"
T1212,"CVE-2019-11510, CVE-2018-13379, CVE-2018-20753, CVE-2017-11368, CVE-2016-6415, CVE-2014-0751, CVE-2013-5054","CWE-22, CWE-22, NVD-CWE-noinfo, CWE-617, CWE-200, CWE-22, CWE-200"
T1213,"CVE-2018-18995, CVE-2012-3015","CWE-306, NVD-CWE-Other"
T1404,"CVE-2019-7287, CVE-2019-2215, CVE-2015-1805","CWE-787, CWE-416, CWE-17"
T1409,CVE-2017-12817,CWE-311
T1456,CVE-2016-4655,CWE-200
T1461,CVE-2017-0493,CWE-922
T1477,"CVE-2019-3568, CVE-2019-1747, CVE-2019-6538, CVE-2019-6538","CWE-119, NVD-CWE-Other, CWE-862, CWE-306"
T1478,"CVE-2020-5253, CVE-2020-5250, CVE-2020-1456, CVE-2019-1031, CVE-2019-16760, CVE-2018-8607","CWE-269, CWE-552, CWE-79, CWE-79, CWE-494, CWE-79"
T1478 ,CVE-2020-15170,NVD-CWE-Other
T1480,CVE-2016-6367,NVD-CWE-Other
T1485,"CVE-2020-1163, CVE-2020-1569, CVE-2020-16874, CVE-2020-1109, CVE-2020-1495, CVE-2020-1111, CVE-2020-9819, CVE-2020-1456, CVE-2020-0671, CVE-2019-1118, CVE-2019-1270, CVE-2019-1031, CVE-2019-0609, CVE-2019-3723, CVE-2019-3750, CVE-2018-8337, CVE-2018-8355, CVE-2018-8111, CVE-2018-8607, CVE-2018-8110, CVE-2018-8248, CVE-2018-8575, CVE-2018-8353, CVE-2018-5459","NVD-CWE-noinfo, CWE-787, NVD-CWE-noinfo, NVD-CWE-noinfo, NVD-CWE-noinfo, NVD-CWE-noinfo, CWE-787, CWE-79, NVD-CWE-noinfo, NVD-CWE-noinfo, CWE-59, CWE-79, CWE-787, CWE-20, CWE-59, CWE-178, CWE-787, CWE-787, CWE-79, CWE-787, NVD-CWE-noinfo, NVD-CWE-noinfo, CWE-416, CWE-287"
T1489,"CVE-2020-3134, CVE-2019-1747, CVE-2019-1711, CVE-2019-1886, CVE-2019-3728","CWE-20, NVD-CWE-Other, CWE-20, CWE-295, CWE-125"
T1491,"CVE-2020-9459, CVE-2018-15961, CVE-2012-0158","CWE-79, CWE-434, CWE-94"
T1491.002,CVE-2017-1001000,NVD-CWE-noinfo
T1496,"CVE-2020-16200, CVE-2018-11084","CWE-757, NVD-CWE-noinfo"
T1497,"CVE-2020-0981, CVE-2019-9081, CVE-2019-0808, CVE-2018-8489, CVE-2015-1494, CVE-2012-4681, CVE-2011-3544","CWE-863, CWE-502, NVD-CWE-noinfo, CWE-20, CWE-79, NVD-CWE-noinfo, NVD-CWE-noinfo"
T1499,"CVE-2020-6986, CVE-2020-3306, CVE-2020-3120, CVE-2020-11897, CVE-2020-11896, CVE-2020-11896, CVE-2020-14508, CVE-2019-11707, CVE-2019-1704, CVE-2019-15956, CVE-2019-13555, CVE-2018-15462, CVE-2018-15772, CVE-2018-19010, CVE-2017-7533, CVE-2017-14934, CVE-2017-14934, CVE-2014-1776, CVE-2013-3918, CVE-2009-2055","CWE-400, CWE-400, CWE-190, CWE-787, CWE-119, CWE-787, CWE-193, CWE-843, CWE-400, NVD-CWE-Other, CWE-400, CWE-770, CWE-400, CWE-20, CWE-362, CWE-835, CWE-131, CWE-416, CWE-119, CWE-20"
T1499.001,CVE-2020-15393,CWE-401
T1499.002,CVE-2019-1703,CWE-770
T1499.003,CVE-2017-16115,CWE-400
T1499.004,"CVE-2020-11044, CVE-2020-15199, CVE-2020-1569, CVE-2020-16874, CVE-2020-1495, CVE-2020-11039, CVE-2020-11068, CVE-2020-1109, CVE-2020-8649, CVE-2020-5253, CVE-2020-12652, CVE-2020-15137, CVE-2020-11019, CVE-2020-15208, CVE-2020-15208, CVE-2020-4068, CVE-2020-5210, CVE-2020-1425, CVE-2020-11090, CVE-2020-15100, CVE-2020-10602, CVE-2020-12655, CVE-2020-11668, CVE-2020-12653, CVE-2020-11608, CVE-2020-12769, CVE-2020-11884, CVE-2020-12888, CVE-2020-14059, CVE-2020-3292, CVE-2020-8648, CVE-2020-0671, CVE-2020-3198, CVE-2020-3322, CVE-2020-3397, CVE-2020-3510, CVE-2020-9804, CVE-2020-3409, CVE-2020-13125, CVE-2020-12038, CVE-2020-0898, CVE-2020-3407, CVE-2019-1118, CVE-2019-0576, CVE-2019-0911, CVE-2019-8540, CVE-2019-0604, CVE-2019-11869, CVE-2019-16302, CVE-2019-13510, CVE-2019-1106, CVE-2019-1035, CVE-2019-0926, CVE-2019-0609, CVE-2019-1052, CVE-2019-15276, CVE-2019-1746, CVE-2019-15289, CVE-2019-1594, CVE-2019-6538, CVE-2019-6538, CVE-2019-10980, CVE-2019-6522, CVE-2018-15376, CVE-2018-15392, CVE-2018-8414, CVE-2018-14679, CVE-2018-15454, CVE-2018-21091, CVE-2018-19207, CVE-2018-8110, CVE-2018-8111, CVE-2018-7499, CVE-2018-8248, CVE-2018-8353, CVE-2018-18987, CVE-2018-11048, CVE-2018-10636, CVE-2018-7494, CVE-2018-10610, CVE-2018-14809, CVE-2018-8355, CVE-2017-9142, CVE-2017-9142, CVE-2017-10910, CVE-2017-10810, CVE-2017-14486, CVE-2016-5180, CVE-2016-0034, CVE-2015-4051, CVE-2015-2426, CVE-2015-7756, CVE-2014-7187, CVE-2014-3413, CVE-2013-4854, CVE-2013-4335, CVE-2012-1675, CVE-2011-4862, CVE-2011-1752","CWE-415, CWE-20, CWE-787, NVD-CWE-noinfo, NVD-CWE-noinfo, CWE-190, CWE-120, NVD-CWE-noinfo, CWE-416, CWE-269, CWE-362, CWE-190, CWE-125, CWE-787, CWE-125, CWE-122, CWE-120, NVD-CWE-noinfo, CWE-400, CWE-770, CWE-476, CWE-400, CWE-476, CWE-787, CWE-476, CWE-662, CWE-362, CWE-755, CWE-662, CWE-787, CWE-416, NVD-CWE-noinfo, CWE-787, CWE-20, CWE-20, CWE-400, NVD-CWE-noinfo, CWE-400, NVD-CWE-noinfo, CWE-787, NVD-CWE-noinfo, CWE-476, NVD-CWE-noinfo, NVD-CWE-noinfo, CWE-787, CWE-665, CWE-20, CWE-79, CWE-755, CWE-416, CWE-787, NVD-CWE-noinfo, CWE-787, CWE-787, CWE-787, CWE-20, CWE-20, CWE-20, CWE-20, CWE-862, CWE-306, CWE-843, CWE-125, CWE-123, NVD-CWE-noinfo, CWE-20, CWE-193, CWE-20, CWE-755, CWE-425, CWE-787, CWE-787, CWE-787, NVD-CWE-noinfo, CWE-416, CWE-502, CWE-611, CWE-787, CWE-119, CWE-787, CWE-416, CWE-787, CWE-20, CWE-617, CWE-674, CWE-772, CWE-319, CWE-787, CWE-20, CWE-284, CWE-119, CWE-310, CWE-119, CWE-798, NVD-CWE-noinfo, CWE-776, CWE-264, CWE-120, CWE-476"
T1505,CVE-2014-4148,CWE-94
T1505.003,"CVE-2020-12029, CVE-2020-5297, CVE-2020-15189, CVE-2020-11010, CVE-2020-3240, CVE-2019-18234, CVE-2018-15961, CVE-2018-2894, CVE-2016-3088, CVE-2013-5576, CVE-2012-6498, CVE-2012-6081, CVE-2011-4106","CWE-20, CWE-73, CWE-434, CWE-89, CWE-20, CWE-89, CWE-434, NVD-CWE-noinfo, CWE-20, CWE-20, NVD-CWE-Other, NVD-CWE-Other, CWE-20"
T1518,CVE-2016-3351,CWE-200
T1518.001,CVE-2017-0022,CWE-200
T1525,CVE-2018-15869,CWE-732
T1528,"CVE-2020-0884, CVE-2020-11651, CVE-2020-5300, CVE-2018-18641, CVE-2015-8562, CVE-2013-5054","CWE-319, CWE-306, CWE-294, CWE-312, CWE-20, CWE-200"
T1529,"CVE-2019-1817, CVE-2018-15397, CVE-2018-18995, CVE-2015-7925","CWE-20, NVD-CWE-noinfo, CWE-306, CWE-352"
T1531,CVE-2019-1689,CWE-20
T1533,CVE-2017-0493,CWE-922
T1539,"CVE-2020-9459, CVE-2019-6563, CVE-2013-3900","CWE-79, CWE-916, CWE-20"
T1542.001,"CVE-2020-5379, CVE-2020-5376, CVE-2020-5326, CVE-2020-5378, CVE-2019-1736, CVE-2016-5645, CVE-2015-7925","NVD-CWE-Other, CWE-416, CWE-306, CWE-416, CWE-347, CWE-284, CWE-352"
T1542.004,"CVE-2020-3513, CVE-2020-3416","CWE-94, CWE-94"
T1546,CVE-2012-0158,CWE-94
T1548,"CVE-2019-3717, CVE-2019-1812, CVE-2017-14486, CVE-2015-1539, CVE-2015-8562, CVE-2013-7246, CVE-2010-3765","NVD-CWE-noinfo, CWE-347, CWE-319, CWE-189, CWE-20, CWE-119, CWE-119"
T1548.002,"CVE-2013-5065, CVE-2008-0655","CWE-20, NVD-CWE-noinfo"
T1548.003,CVE-2018-15767,CWE-863
T1550,CVE-2014-7235,CWE-94
T1550.001,CVE-2018-15801,CWE-345
T1550.002,CVE-2010-5290,CWE-255
T1552,"CVE-2020-15105, CVE-2020-4408, CVE-2020-12008, CVE-2019-6549, CVE-2019-13922, CVE-2019-3787, CVE-2019-3763, CVE-2018-18641, CVE-2018-7259, CVE-2018-11749, CVE-2018-15797, CVE-2018-11088, CVE-2018-17900, CVE-2017-14487, CVE-2015-0984, CVE-2015-8562, CVE-2014-0751","CWE-312, CWE-522, CWE-319, CWE-522, CWE-311, CWE-640, CWE-532, CWE-312, CWE-319, CWE-319, CWE-532, NVD-CWE-noinfo, CWE-522, CWE-290, CWE-22, CWE-20, CWE-22"
T1552 ,CVE-2020-15095,CWE-532
T1552.001,"CVE-2020-3240, CVE-2019-9670, CVE-2019-3782, CVE-2019-3780, CVE-2018-7520, CVE-2014-1812, CVE-2010-5290","CWE-20, CWE-611, CWE-522, CWE-522, NVD-CWE-Other, CWE-255, CWE-255"
T1552.004,CVE-2018-7506,CWE-200
T1553,"CVE-2019-3762, CVE-2014-4077","CWE-295, CWE-264"
T1553.002,CVE-2014-4077,CWE-264
T1554,CVE-2012-0158,CWE-94
T1557,"CVE-2020-5271, CVE-2020-5336, CVE-2020-11035, CVE-2020-5264, CVE-2020-5266, CVE-2020-15093, CVE-2020-11082, CVE-2020-5270, CVE-2020-11023, CVE-2020-5269, CVE-2020-11030, CVE-2020-3137, CVE-2020-3233, CVE-2020-3349, CVE-2020-3356, CVE-2020-3121, CVE-2019-1943, CVE-2019-15994, CVE-2019-1665, CVE-2019-3754, CVE-2019-1715, CVE-2019-6538, CVE-2019-6538, CVE-2019-1860, CVE-2019-1941, CVE-2019-1838, CVE-2019-15280, CVE-2018-15393, CVE-2018-16179, CVE-2018-0622, CVE-2018-11087, CVE-2018-15784, CVE-2018-10610, CVE-2018-14809, CVE-2015-7931, CVE-2015-7931, CVE-2014-3566, CVE-2014-4077, CVE-2012-3015","CWE-79, CWE-74, CWE-327, CWE-79, CWE-79, CWE-347, CWE-79, CWE-601, CWE-79, CWE-79, CWE-79, CWE-79, CWE-79, CWE-79, CWE-79, CWE-79, CWE-601, CWE-79, CWE-79, CWE-79, CWE-332, CWE-862, CWE-306, CWE-99, CWE-79, CWE-79, CWE-79, CWE-79, CWE-295, CWE-295, CWE-295, CWE-295, CWE-787, CWE-416, CWE-20, CWE-200, CWE-310, CWE-264, NVD-CWE-Other"
T1558.001,CVE-2014-6324,CWE-264
T1562,"CVE-2019-18581, CVE-2019-12660, CVE-2018-17892, CVE-2018-17908","CWE-862, CWE-668, NVD-CWE-noinfo, CWE-284"
T1563,"CVE-2020-5290, CVE-2019-12258, CVE-2019-3784, CVE-2019-3790, CVE-2019-18573, CVE-2019-1724, CVE-2019-16782, CVE-2018-8852","CWE-384, CWE-384, CWE-384, CWE-613, CWE-384, CWE-287, CWE-203, CWE-384"
T1565,"CVE-2020-1068, CVE-2020-16874, CVE-2020-1569, CVE-2020-1109, CVE-2020-5225, CVE-2020-15109, CVE-2020-1495, CVE-2020-9459, CVE-2020-1111, CVE-2020-6974, CVE-2020-1456, CVE-2020-0671, CVE-2019-1118, CVE-2019-1270, CVE-2019-1423, CVE-2019-1031, CVE-2019-0609, CVE-2019-15821, CVE-2018-18667, CVE-2018-19830, CVE-2018-19831, CVE-2018-8337, CVE-2018-17877, CVE-2018-8111, CVE-2018-8607, CVE-2018-8248, CVE-2018-8575, CVE-2018-8353, CVE-2018-8110, CVE-2018-8431, CVE-2018-8355, CVE-2013-4335, CVE-2012-0158","NVD-CWE-noinfo, NVD-CWE-noinfo, CWE-787, NVD-CWE-noinfo, CWE-532, CWE-862, NVD-CWE-noinfo, CWE-79, NVD-CWE-noinfo, CWE-22, CWE-79, NVD-CWE-noinfo, NVD-CWE-noinfo, CWE-59, CWE-59, CWE-79, CWE-787, NVD-CWE-noinfo, CWE-190, CWE-862, CWE-287, CWE-178, CWE-338, CWE-787, CWE-79, NVD-CWE-noinfo, NVD-CWE-noinfo, CWE-416, CWE-787, CWE-79, CWE-787, CWE-776, CWE-94"
T1565.001,"CVE-2020-5345, CVE-2020-11010, CVE-2020-3476, CVE-2020-3309, CVE-2020-9819, CVE-2020-3440, CVE-2020-3237, CVE-2019-5954, CVE-2019-18234, CVE-2019-1689, CVE-2019-1836, CVE-2019-3786, CVE-2019-15972, CVE-2019-1942, CVE-2019-1863, CVE-2018-19833, CVE-2018-5459, CVE-2008-4996","CWE-862, CWE-89, CWE-552, CWE-787, CWE-787, CWE-22, CWE-59, NVD-CWE-noinfo, CWE-89, CWE-20, CWE-59, CWE-345, CWE-89, CWE-89, NVD-CWE-Other, CWE-287, CWE-287, CWE-59"
T1565.002,"CVE-2020-3460, CVE-2019-1943, CVE-2019-15974","CWE-79, CWE-601, CWE-20"
T1565.003,CVE-2018-10299,CWE-190
T1566,"CVE-2020-1569, CVE-2020-4068, CVE-2020-1495, CVE-2020-1020, CVE-2020-3198, CVE-2020-3322, CVE-2020-3440, CVE-2019-0609, CVE-2019-1013, CVE-2019-15276, CVE-2019-1915, CVE-2019-1772, CVE-2019-1831, CVE-2018-15376, CVE-2018-8111, CVE-2018-8110, CVE-2018-8575, CVE-2018-8353, CVE-2018-8160, CVE-2018-15782, CVE-2017-15211, CVE-2017-8759, CVE-2017-11847, CVE-2017-14487, CVE-2013-3906, CVE-2012-6467","CWE-787, CWE-122, NVD-CWE-noinfo, NVD-CWE-noinfo, CWE-787, CWE-20, CWE-22, CWE-787, CWE-200, CWE-20, CWE-352, CWE-119, CWE-20, CWE-123, CWE-787, CWE-787, NVD-CWE-noinfo, CWE-416, CWE-200, CWE-22, CWE-639, CWE-20, NVD-CWE-noinfo, CWE-290, CWE-94, NVD-CWE-noinfo"
T1566.001,"CVE-2020-3133, CVE-2019-6340","CWE-20, CWE-502"
T1566.002,"CVE-2020-15233, CVE-2020-5270, CVE-2019-3788, CVE-2019-3778, CVE-2018-11067","CWE-601, CWE-601, CWE-601, CWE-601, CWE-601"
T1569,CVE-2014-1761,CWE-119
T1574,"CVE-2020-1569, CVE-2020-16874, CVE-2020-15199, CVE-2020-1495, CVE-2020-11039, CVE-2020-11068, CVE-2020-5253, CVE-2020-15208, CVE-2020-15208, CVE-2020-4068, CVE-2020-15211, CVE-2020-15211, CVE-2020-5210, CVE-2020-1425, CVE-2020-5254, CVE-2020-15100, CVE-2020-1109, CVE-2020-0671, CVE-2020-4100, CVE-2020-0688, CVE-2020-3309, CVE-2020-3198, CVE-2020-0898, CVE-2019-1118, CVE-2019-0576, CVE-2019-13522, CVE-2019-0911, CVE-2019-0708, CVE-2019-1106, CVE-2019-1035, CVE-2019-0926, CVE-2019-0609, CVE-2019-1052, CVE-2019-3723, CVE-2019-6538, CVE-2019-6538, CVE-2019-10980, CVE-2019-12660, CVE-2018-15376, CVE-2018-8111, CVE-2018-14819, CVE-2018-7499, CVE-2018-8248, CVE-2018-8353, CVE-2018-11049, CVE-2018-8110, CVE-2018-10620, CVE-2018-18987, CVE-2018-10636, CVE-2018-7494, CVE-2018-17910, CVE-2018-8835, CVE-2018-8355, CVE-2018-14809, CVE-2018-10610","CWE-787, NVD-CWE-noinfo, CWE-20, NVD-CWE-noinfo, CWE-190, CWE-120, CWE-269, CWE-787, CWE-125, CWE-122, CWE-787, CWE-125, CWE-120, NVD-CWE-noinfo, CWE-119, CWE-770, NVD-CWE-noinfo, NVD-CWE-noinfo, CWE-913, CWE-798, CWE-787, CWE-787, NVD-CWE-noinfo, NVD-CWE-noinfo, NVD-CWE-noinfo, CWE-787, CWE-787, CWE-416, CWE-787, NVD-CWE-noinfo, CWE-787, CWE-787, CWE-787, CWE-20, CWE-862, CWE-306, CWE-843, CWE-668, CWE-123, CWE-787, CWE-125, CWE-787, NVD-CWE-noinfo, CWE-416, CWE-427, CWE-787, CWE-787, CWE-502, CWE-787, CWE-119, CWE-119, CWE-415, CWE-787, CWE-416, CWE-787"
T1574.001,"CVE-2019-10971, CVE-2018-10657, CVE-2009-0238","CWE-426, CWE-20, CWE-94"
T1574.002,CVE-2010-1592,CWE-20
T1574.008,"CVE-2019-1794, CVE-2018-11049, CVE-2012-1854","CWE-427, CWE-427, NVD-CWE-Other"
T1575,"CVE-2019-10987, CVE-2019-13541, CVE-2018-17911, CVE-2018-14802","CWE-787, CWE-787, CWE-787, CWE-119"
T1588.004,CVE-2019-3762,CWE-295
T1589,CVE-2020-15132,CWE-209
T1600,CVE-2018-11069,CWE-327
T1608,"CVE-2020-3379, CVE-2019-0797, CVE-2019-1768, CVE-2019-1857, CVE-2019-1781, CVE-2019-16009, CVE-2019-15288, CVE-2018-19320, CVE-2018-8440, CVE-2018-8453, CVE-2018-15401, CVE-2018-15466, CVE-2016-0165, CVE-2016-0167, CVE-2016-7255, CVE-2016-0728, CVE-2015-2546, CVE-2015-6175, CVE-2014-4076, CVE-2013-3660, CVE-2013-6282, CVE-2012-2319, CVE-2011-1249, CVE-2010-3081, CVE-2010-0232, CVE-2010-3338, CVE-2008-3431","CWE-20, NVD-CWE-noinfo, CWE-78, CWE-352, CWE-88, CWE-352, CWE-20, NVD-CWE-noinfo, NVD-CWE-noinfo, CWE-404, CWE-352, CWE-306, CWE-264, CWE-264, CWE-264, NVD-CWE-Other, CWE-119, CWE-264, CWE-264, CWE-119, CWE-20, CWE-264, CWE-264, CWE-119, CWE-264, CWE-20, CWE-264"
